Year,Week_Number,Return,Volume,Week,Volatility,Positive_Returns,Kelly_Ratio
2010,1,0.01089947876589381,120818560.0,1,0.025668442817639216,0.7142857142857143,0.2142857142857143
2011,1,0.011063324581792267,137732760.0,1,0.025668442817639216,0.7142857142857143,0.0714285714285714
2012,1,0.03458616746110588,177352920.0,1,0.025668442817639216,0.7142857142857143,0.0
2013,1,0.03233292290241785,119323080.0,1,0.025668442817639216,0.7142857142857143,0.0
2014,1,-0.023693997705325653,96909200.0,1,0.025668442817639216,0.7142857142857143,0.0714285714285714
2015,1,-0.000535029742262938,121465900.0,1,0.025668442817639216,0.7142857142857143,0.1428571428571429
2016,1,-0.05987049177523962,181713040.0,1,0.025668442817639216,0.7142857142857143,0.2857142857142857
2017,1,0.016382252900610128,80012450.0,1,0.025668442817639216,0.7142857142857143,0.0
2018,1,0.033120305289448204,97037180.0,1,0.025668442817639216,0.7142857142857143,0.2142857142857143
2019,1,0.007589540214231305,104100220.0,1,0.025668442817639216,0.7142857142857143,0.0714285714285714
2020,1,0.0017798692604767963,68430450.0,1,0.025668442817639216,0.7142857142857143,0.0714285714285714
2021,1,0.01980721994084178,85015740.0,1,0.025668442817639216,0.7142857142857143,0.0
2022,1,-0.01864002722072078,84071260.0,1,0.025668442817639216,0.7142857142857143,0.3571428571428571
2023,1,0.01502895553664707,85486225.0,1,0.025668442817639216,0.7142857142857143,-0.14285714285714285
2010,2,-0.0080027015929659,151906620.0,2,0.014259893470858105,0.5714285714285714,0.0714285714285714
2011,2,0.016921984513608823,117468840.0,2,0.014259893470858105,0.5714285714285714,0.0714285714285714
2012,2,0.008866209559526439,125034560.0,2,0.014259893470858105,0.5714285714285714,0.0714285714285714
2013,2,0.0048132213235738686,113333180.0,2,0.014259893470858105,0.5714285714285714,-0.07142857142857145
2014,2,0.006838658960648392,96692900.0,2,0.014259893470858105,0.5714285714285714,-0.14285714285714285
2015,2,-0.005285859859145758,161983160.0,2,0.014259893470858105,0.5714285714285714,-0.14285714285714285
2016,2,-0.02093124912681077,229416540.0,2,0.014259893470858105,0.5714285714285714,0.2857142857142857
2017,2,-0.0006888509769343854,64038540.0,2,0.014259893470858105,0.5714285714285714,0.0
2018,2,0.016377294436474066,67465020.0,2,0.014259893470858105,0.5714285714285714,0.1428571428571429
2019,2,0.02586731157646538,94268060.0,2,0.014259893470858105,0.5714285714285714,0.0714285714285714
2020,2,0.010235791981774711,53189780.0,2,0.014259893470858105,0.5714285714285714,0.0
2021,2,-0.014631272694176523,61207020.0,2,0.014259893470858105,0.5714285714285714,-0.07142857142857145
2022,2,-0.0028021408383194224,89666900.0,2,0.014259893470858105,0.5714285714285714,0.2857142857142857
2023,2,0.02661407824755868,72455780.0,2,0.014259893470858105,0.5714285714285714,0.1428571428571429
2010,3,-0.03919399188338624,261616225.0,3,0.02440254030283436,0.5,0.4285714285714286
2011,3,-0.007165611011273332,148392075.0,3,0.02440254030283436,0.5,0.0
2012,3,0.023940767575162614,140040875.0,3,0.02440254030283436,0.5,0.2142857142857143
2013,3,0.00855468168380169,118265760.0,3,0.02440254030283436,0.5,-0.07142857142857145
2014,3,-0.002546718412822724,106714640.0,3,0.02440254030283436,0.5,-0.07142857142857145
2015,3,-0.012730046598670941,188086800.0,3,0.02440254030283436,0.5,0.0714285714285714
2016,3,0.014633406929871806,211471175.0,3,0.02440254030283436,0.5,0.2142857142857143
2017,3,-0.0013440235688507718,77952875.0,3,0.02440254030283436,0.5,-0.07142857142857145
2018,3,0.008982123839125111,115365500.0,3,0.02440254030283436,0.5,0.1428571428571429
2019,3,0.028676277489902646,91554380.0,3,0.02440254030283436,0.5,0.0
2020,3,0.019043460853182537,66374500.0,3,0.02440254030283436,0.5,-0.35714285714285715
2021,3,0.019062681666999648,53442500.0,3,0.02440254030283436,0.5,0.1428571428571429
2022,3,-0.05879181374821574,135929400.0,3,0.02440254030283436,0.5,0.1428571428571429
2023,3,-0.006270637869430051,85268725.0,3,0.02440254030283436,0.5,0.3571428571428571
2010,4,-0.016646491569506372,259350300.0,4,0.017920374359190992,0.5,0.1428571428571429
2011,4,-0.0048954916717625085,168297840.0,4,0.017920374359190992,0.5,0.2142857142857143
2012,4,-0.000934157447250894,150226380.0,4,0.017920374359190992,0.5,0.2142857142857143
2013,4,0.012892717163741407,127507850.0,4,0.017920374359190992,0.5,0.0714285714285714
2014,4,-0.025936950197787856,122766525.0,4,0.017920374359190992,0.5,0.0714285714285714
2015,4,0.01656905886294946,136451650.0,4,0.017920374359190992,0.5,0.3571428571428571
2016,4,0.017229791905783776,162283660.0,4,0.017920374359190992,0.5,0.2857142857142857
2017,4,0.009849876402963531,74947280.0,4,0.017920374359190992,0.5,-0.2142857142857143
2018,4,0.021866747571587575,103110720.0,4,0.017920374359190992,0.5,0.2857142857142857
2019,4,-0.0024250748036102054,89412250.0,4,0.017920374359190992,0.5,0.0714285714285714
2020,4,-0.009583483241388135,66549675.0,4,0.017920374359190992,0.5,0.0
2021,4,-0.03347697056250665,91476320.0,4,0.017920374359190992,0.5,
2022,4,0.009426271640964212,184101600.0,4,0.017920374359190992,0.5,
2023,4,0.024588111839079052,73827520.0,4,0.017920374359190992,0.5,
2010,5,-0.0061275006661452025,285445020.0,5,0.024488534772842015,0.5714285714285714,
2011,5,0.026664695701522745,143057720.0,5,0.024488534772842015,0.5714285714285714,
2012,5,0.02056722900695418,148889440.0,5,0.024488534772842015,0.5714285714285714,
2013,5,0.006638996951009557,119329720.0,5,0.024488534772842015,0.5714285714285714,
2014,5,-0.0038277020346706436,164303920.0,5,0.024488534772842015,0.5714285714285714,
2015,5,-0.027004718852196352,153176740.0,5,0.024488534772842015,0.5714285714285714,
2016,5,-0.029870550816006536,168800300.0,5,0.024488534772842015,0.5714285714285714,
2017,5,0.0016577280666615346,76991320.0,5,0.024488534772842015,0.5714285714285714,
2018,5,-0.039295185370667896,118711360.0,5,0.024488534772842015,0.5714285714285714,
2019,5,0.016167403662481705,86803660.0,5,0.024488534772842015,0.5714285714285714,
2020,5,-0.021288835275682483,78224560.0,5,0.024488534772842015,0.5714285714285714,
2021,5,0.04687384788736648,57701560.0,5,0.024488534772842015,0.5714285714285714,
2022,5,0.015679376346159124,125849320.0,5,0.024488534772842015,0.5714285714285714,
2023,5,0.016712202927293363,91772860.0,5,0.024488534772842015,0.5714285714285714,
2010,6,0.01301635785360189,266142520.0,6,0.0206833514296082,0.6428571428571429,
2011,6,0.014884481351315704,131673480.0,6,0.0206833514296082,0.6428571428571429,
2012,6,-0.001302924976300024,139818880.0,6,0.0206833514296082,0.6428571428571429,
2013,6,0.0038270923263536982,135474500.0,6,0.0206833514296082,0.6428571428571429,
2014,6,0.008828069873485944,177548960.0,6,0.0206833514296082,0.6428571428571429,
2015,6,0.03036706233639974,129050360.0,6,0.0206833514296082,0.6428571428571429,
2016,6,-0.006661092666467416,174189040.0,6,0.0206833514296082,0.6428571428571429,
2017,6,0.009445294439833662,59851720.0,6,0.0206833514296082,0.6428571428571429,
2018,6,-0.050032683680724666,269419900.0,6,0.0206833514296082,0.6428571428571429,
2019,6,0.001597938431105561,73983260.0,6,0.0206833514296082,0.6428571428571429,
2020,6,0.032252993414828124,62421280.0,6,0.0206833514296082,0.6428571428571429,
2021,6,0.012674967537177229,45315460.0,6,0.0206833514296082,0.6428571428571429,
2022,6,-0.018029676174959097,110278620.0,6,0.0206833514296082,0.6428571428571429,
2023,6,-0.010303031519493078,75395620.0,6,0.0206833514296082,0.6428571428571429,
2010,7,0.028442490465158343,186139025.0,7,0.01563877712972011,0.7857142857142857,
2011,7,0.01064547173347652,118252500.0,7,0.01563877712972011,0.7857142857142857,
2012,7,0.015245967585666542,158560740.0,7,0.01563877712972011,0.7857142857142857,
2013,7,0.0020428254572487647,103510220.0,7,0.01563877712972011,0.7857142857142857,
2014,7,0.02395694383975422,100358240.0,7,0.01563877712972011,0.7857142857142857,
2015,7,0.02049145179418066,93137460.0,7,0.01563877712972011,0.7857142857142857,
2016,7,0.028648596131870208,118349050.0,7,0.01563877712972011,0.7857142857142857,
2017,7,0.01538317785212584,75000680.0,7,0.01563877712972011,0.7857142857142857,
2018,7,0.04372140287416992,123463140.0,7,0.01563877712972011,0.7857142857142857,
2019,7,0.025339668955871142,77178380.0,7,0.01563877712972011,0.7857142857142857,
2020,7,0.016176202529266437,52002260.0,7,0.01563877712972011,0.7857142857142857,
2021,7,-0.00665829145002772,61554200.0,7,0.01563877712972011,0.7857142857142857,
2022,7,-0.01385807636039249,106250920.0,7,0.01563877712972011,0.7857142857142857,
2023,7,-0.0017408230730263652,76109560.0,7,0.01563877712972011,0.7857142857142857,
2010,8,-0.003488477968825454,189883720.0,8,0.013057081548417693,0.5,
2011,8,-0.0162082768206131,215704675.0,8,0.013057081548417693,0.5,
2012,8,0.003822179883697596,125435250.0,8,0.013057081548417693,0.5,
2013,8,-0.0012753648316404798,136323450.0,8,0.013057081548417693,0.5,
2014,8,-0.000666473176691329,107524925.0,8,0.013057081548417693,0.5,
2015,8,0.0069547288203191115,97495000.0,8,0.013057081548417693,0.5,
2016,8,0.016235614408195764,121293960.0,8,0.013057081548417693,0.5,
2017,8,0.0070131087624766275,77014700.0,8,0.013057081548417693,0.5,
2018,8,0.005999660372690396,97132775.0,8,0.013057081548417693,0.5,
2019,8,0.0063902307781217305,69515225.0,8,0.013057081548417693,0.5,
2020,8,-0.012202280185601433,73498125.0,8,0.013057081548417693,0.5,
2021,8,-0.024706278600147624,109300860.0,8,0.013057081548417693,0.5,
2022,8,0.008642692638747729,148179300.0,8,0.013057081548417693,0.5,
2023,8,-0.026801994967856624,92708750.0,8,0.013057081548417693,0.5,
2010,9,0.0313677974368074,154275260.0,9,0.03559736492149793,0.7142857142857143,
2011,9,0.0013942896017897777,210822160.0,9,0.03559736492149793,0.7142857142857143,
2012,9,0.002802557392470484,145336260.0,9,0.03559736492149793,0.7142857142857143,
2013,9,0.0017403621134696179,176140740.0,9,0.03559736492149793,0.7142857142857143,
2014,9,0.012999428555343195,114909780.0,9,0.03559736492149793,0.7142857142857143,
2015,9,-0.0027384065993523166,80143800.0,9,0.03559736492149793,0.7142857142857143,
2016,9,0.027329926584862663,118919720.0,9,0.03559736492149793,0.7142857142857143,
2017,9,0.007193376123786899,90971160.0,9,0.03559736492149793,0.7142857142857143,
2018,9,-0.02038999957622778,124687340.0,9,0.03559736492149793,0.7142857142857143,
2019,9,0.004597794372746655,66189040.0,9,0.03559736492149793,0.7142857142857143,
2020,9,-0.11625911312441528,248820940.0,9,0.03559736492149793,0.7142857142857143,
2021,9,0.009212837658517103,128071380.0,9,0.03559736492149793,0.7142857142857143,
2022,9,-0.012495740839055136,124121460.0,9,0.03559736492149793,0.7142857142857143,
2023,9,0.01968900333869117,90367580.0,9,0.03559736492149793,0.7142857142857143,
2010,10,0.010554892397146354,155628520.0,10,0.022548918242971113,0.5714285714285714,
2011,10,-0.012113198935065683,214425000.0,10,0.022548918242971113,0.5714285714285714,
2012,10,0.0020892599212762875,145278560.0,10,0.022548918242971113,0.5714285714285714,
2013,10,0.02172156032714012,104898240.0,10,0.022548918242971113,0.5714285714285714,
2014,10,0.01064495753736916,124140260.0,10,0.022548918242971113,0.5714285714285714,
2015,10,-0.01497675049009195,115463080.0,10,0.022548918242971113,0.5714285714285714,
2016,10,0.011759469239593257,122759660.0,10,0.022548918242971113,0.5714285714285714,
2017,10,-0.003049143285007383,74267920.0,10,0.022548918242971113,0.5714285714285714,
2018,10,0.035968381228296376,88822120.0,10,0.022548918242971113,0.5714285714285714,
2019,10,-0.021420271587725193,84265980.0,10,0.022548918242971113,0.5714285714285714,
2020,10,0.006934139279206275,226098020.0,10,0.022548918242971113,0.5714285714285714,
2021,10,0.027009401837115976,99516160.0,10,0.022548918242971113,0.5714285714285714,
2022,10,-0.027480643849464026,121853820.0,10,0.022548918242971113,0.5714285714285714,
2023,10,-0.04588315395911102,111410280.0,10,0.022548918242971113,0.5714285714285714,
2010,11,0.008579278915743949,183221620.0,11,0.032690846357754405,0.5714285714285714,
2011,11,-0.01913606661478162,309593780.0,11,0.032690846357754405,0.5714285714285714,
2012,11,0.024201440594735724,150253920.0,11,0.032690846357754405,0.5714285714285714,
2013,11,0.006969308244546113,109396900.0,11,0.032690846357754405,0.5714285714285714,
2014,11,-0.019227972902709722,117541320.0,11,0.032690846357754405,0.5714285714285714,
2015,11,-0.00783720749347594,122698060.0,11,0.032690846357754405,0.5714285714285714,
2016,11,0.013149083594240829,113747040.0,11,0.032690846357754405,0.5714285714285714,
2017,11,0.0016088460874020827,76113100.0,11,0.032690846357754405,0.5714285714285714,
2018,11,-0.012854873801131261,90713100.0,11,0.032690846357754405,0.5714285714285714,
2019,11,0.029192343620340955,74846600.0,11,0.032690846357754405,0.5714285714285714,
2020,11,-0.08528850095762197,312592900.0,11,0.032690846357754405,0.5714285714285714,
2021,11,-0.00828786538794235,94816520.0,11,0.032690846357754405,0.5714285714285714,
2022,11,0.060319999449295,111185100.0,11,0.032690846357754405,0.5714285714285714,
2023,11,0.014703089645801581,152869380.0,11,0.032690846357754405,0.5714285714285714,
2010,12,0.005298215191944622,198539360.0,12,0.04561008947581825,0.5,
2011,12,0.027510281640305778,149381380.0,12,0.04561008947581825,0.5,
2012,12,-0.00459889331006158,125029380.0,12,0.04561008947581825,0.5,
2013,12,-0.0013656591420071473,129559900.0,12,0.04561008947581825,0.5,
2014,12,0.012814057362825704,131360080.0,12,0.04561008947581825,0.5,
2015,12,0.026674801715393714,151010100.0,12,0.04561008947581825,0.5,
2016,12,-0.006160909538419523,83953000.0,12,0.04561008947581825,0.5,
2017,12,-0.013376827802450308,98966140.0,12,0.04561008947581825,0.5,
2018,12,-0.06006077446918212,115999200.0,12,0.04561008947581825,0.5,
2019,12,-0.00708754685123858,87857360.0,12,0.04561008947581825,0.5,
2020,12,-0.14703409509619647,304677680.0,12,0.04561008947581825,0.5,
2021,12,0.01677107020771218,98518300.0,12,0.04561008947581825,0.5,
2022,12,0.01848871530511942,76852900.0,12,0.04561008947581825,0.5,
2023,12,0.01496494666207715,104672060.0,12,0.04561008947581825,0.5,
2010,13,0.010459755296199913,150644975.0,13,0.02947682974749167,0.8571428571428571,
2011,13,0.014050412829932024,132356680.0,13,0.02947682974749167,0.8571428571428571,
2012,13,0.008397071159219949,137809020.0,13,0.02947682974749167,0.8571428571428571,
2013,13,0.006898005305600807,110265575.0,13,0.02947682974749167,0.8571428571428571,
2014,13,-0.0037605618817875275,117826200.0,13,0.02947682974749167,0.8571428571428571,
2015,13,-0.02231325095174075,116223540.0,13,0.02947682974749167,0.8571428571428571,
2016,13,0.018614051990088254,90140800.0,13,0.02947682974749167,0.8571428571428571,
2017,13,0.00804208068127632,74671960.0,13,0.02947682974749167,0.8571428571428571,
2018,13,0.020170195045830175,132487850.0,13,0.02947682974749167,0.8571428571428571,
2019,13,0.011568883908626981,72870220.0,13,0.02947682974749167,0.8571428571428571,
2020,13,0.10860954583872184,268584800.0,13,0.02947682974749167,0.8571428571428571,
2021,13,0.01169467830806492,99196725.0,13,0.02947682974749167,0.8571428571428571,
2022,13,0.0007517884706295108,89105380.0,13,0.02947682974749167,0.8571428571428571,
2023,13,0.0341099401302114,79256520.0,13,0.02947682974749167,0.8571428571428571,
2010,14,0.014826136224368791,138503720.0,14,0.01351394254668241,0.35714285714285715,
2011,14,-0.0021656437186312605,132129780.0,14,0.01351394254668241,0.35714285714285715,
2012,14,-0.007185892846597874,147970800.0,14,0.01351394254668241,0.35714285714285715,
2013,14,-0.009594910772388388,129283360.0,14,0.01351394254668241,0.35714285714285715,
2014,14,0.005026251883035404,102905600.0,14,0.01351394254668241,0.35714285714285715,
2015,14,0.0035216454518163243,111788400.0,14,0.01351394254668241,0.35714285714285715,
2016,14,-0.011574070897284683,92779720.0,14,0.01351394254668241,0.35714285714285715,
2017,14,-0.002282733954603433,78872280.0,14,0.01351394254668241,0.35714285714285715,
2018,14,-0.012462538885960717,138426460.0,14,0.01351394254668241,0.35714285714285715,
2019,14,0.021416153980693853,58710140.0,14,0.01351394254668241,0.35714285714285715,
2020,14,-0.018813289815120204,173805360.0,14,0.01351394254668241,0.35714285714285715,
2021,14,0.02693652927593504,65701960.0,14,0.01351394254668241,0.35714285714285715,
2022,14,-0.011699060057957289,79616680.0,14,0.01351394254668241,0.35714285714285715,
2023,14,-0.00045499349910227416,65734025.0,14,0.01351394254668241,0.35714285714285715,
2010,15,-0.001396541441693766,181666720.0,15,0.03493490079990814,0.5714285714285714,
2011,15,-0.006151463768003906,155171780.0,15,0.03493490079990814,0.5714285714285714,
2012,15,-0.018744598507522414,168123480.0,15,0.03493490079990814,0.5714285714285714,
2013,15,0.0233004082260454,110141380.0,15,0.03493490079990814,0.5714285714285714,
2014,15,-0.026192240672604505,138785400.0,15,0.03493490079990814,0.5714285714285714,
2015,15,0.01734462651307289,88645640.0,15,0.03493490079990814,0.5714285714285714,
2016,15,0.016008987755354975,87283800.0,15,0.03493490079990814,0.5714285714285714,
2017,15,-0.011471287582593415,82601350.0,15,0.03493490079990814,0.5714285714285714,
2018,15,0.020880585740278845,90816360.0,15,0.03493490079990814,0.5714285714285714,
2019,15,0.005537112502287278,59426200.0,15,0.03493490079990814,0.5714285714285714,
2020,15,0.11697145583784962,183315525.0,15,0.03493490079990814,0.5714285714285714,
2021,15,0.013998167122610594,63436580.0,15,0.03493490079990814,0.5714285714285714,
2022,15,-0.02179572133330765,86518500.0,15,0.03493490079990814,0.5714285714285714,
2023,15,0.008059019364335063,74675120.0,15,0.03493490079990814,0.5714285714285714,
2010,16,0.02039192741342255,172252340.0,16,0.016238889941818015,0.5714285714285714,
2011,16,0.013276548087878703,156771825.0,16,0.016238889941818015,0.5714285714285714,
2012,16,0.006025818393973759,152290680.0,16,0.016238889941818015,0.5714285714285714,
2013,16,-0.020582883161269327,181774480.0,16,0.016238889941818015,0.5714285714285714,
2014,16,0.02664042010284251,124981750.0,16,0.016238889941818015,0.5714285714285714,
2015,16,-0.00991159959039467,101822780.0,16,0.016238889941818015,0.5714285714285714,
2016,16,0.005755470930548401,87378820.0,16,0.016238889941818015,0.5714285714285714,
2017,16,0.008989135052772323,84658620.0,16,0.016238889941818015,0.5714285714285714,
2018,16,0.005633519378590246,72600040.0,16,0.016238889941818015,0.5714285714285714,
2019,16,-0.00047729457204304104,57181675.0,16,0.016238889941818015,0.5714285714285714,
2020,16,0.030954233317592172,129848120.0,16,0.016238889941818015,0.5714285714285714,
2021,16,-0.0010633545548578427,79587060.0,16,0.016238889941818015,0.5714285714285714,
2022,16,-0.026580360189390695,85387400.0,16,0.016238889941818015,0.5714285714285714,
2023,16,-0.0006085882273447751,66904300.0,16,0.016238889941818015,0.5714285714285714,
2010,17,-0.024394957763036573,252752120.0,17,0.016730955860842344,0.5714285714285714,
2011,17,0.019681763365727467,119054660.0,17,0.016730955860842344,0.5714285714285714,
2012,17,0.017694512123702322,145319580.0,17,0.016730955860842344,0.5714285714285714,
2013,17,0.01766842724908857,119291080.0,17,0.016730955860842344,0.5714285714285714,
2014,17,-0.0004816668282001668,83307600.0,17,0.016730955860842344,0.5714285714285714,
2015,17,0.01769654642459484,81385440.0,17,0.016730955860842344,0.5714285714285714,
2016,17,-0.012653195328889866,91800080.0,17,0.016730955860842344,0.5714285714285714,
2017,17,0.014847523644093252,80310760.0,17,0.016730955860842344,0.5714285714285714,
2018,17,-4.131235424387203e-05,81413980.0,17,0.016730955860842344,0.5714285714285714,
2019,17,0.011675009963903471,50297380.0,17,0.016730955860842344,0.5714285714285714,
2020,17,-0.011919804379946108,101843900.0,17,0.016730955860842344,0.5714285714285714,
2021,17,0.0013870562810932574,63759140.0,17,0.016730955860842344,0.5714285714285714,
2022,17,-0.03204762499260927,119322840.0,17,0.016730955860842344,0.5714285714285714,
2023,17,0.00937694250936294,84969960.0,17,0.016730955860842344,0.5714285714285714,
2010,18,-0.06459783512997119,431397980.0,18,0.020397835755486985,0.42857142857142855,
2011,18,-0.016399629340128064,179403880.0,18,0.020397835755486985,0.42857142857142855,
2012,18,-0.024252024922772897,142538480.0,18,0.020397835755486985,0.42857142857142855,
2013,18,0.01974473349330419,116813520.0,18,0.020397835755486985,0.42857142857142855,
2014,18,0.009477888746903362,102373600.0,18,0.020397835755486985,0.42857142857142855,
2015,18,-0.004272636099238336,111322220.0,18,0.020397835755486985,0.42857142857142855,
2016,18,-0.0028690005404403696,83557620.0,18,0.020397835755486985,0.42857142857142855,
2017,18,0.006793591781542041,64171980.0,18,0.020397835755486985,0.42857142857142855,
2018,18,-0.0018884881767128325,94057640.0,18,0.020397835755486985,0.42857142857142855,
2019,18,0.002190344071243411,66311040.0,18,0.020397835755486985,0.42857142857142855,
2020,18,0.00021461648733722694,109998780.0,18,0.020397835755486985,0.42857142857142855,
2021,18,0.011563870563916279,74387380.0,18,0.020397835755486985,0.42857142857142855,
2022,18,-0.0004553444233416082,145457700.0,18,0.020397835755486985,0.42857142857142855,
2023,18,-0.007683374360614503,88079700.0,18,0.020397835755486985,0.42857142857142855,
2010,19,0.024650266128579346,305934080.0,19,0.017018530886845594,0.35714285714285715,
2011,19,-0.0010528151575667222,150294240.0,19,0.017018530886845594,0.35714285714285715,
2012,19,-0.010164950158237929,173105700.0,19,0.017018530886845594,0.35714285714285715,
2013,19,0.01259835677139376,92920420.0,19,0.017018530886845594,0.35714285714285715,
2014,19,-0.000472972871635835,89026800.0,19,0.017018530886845594,0.35714285714285715,
2015,19,0.004434684951047152,112687160.0,19,0.017018530886845594,0.35714285714285715,
2016,19,-0.004518334297083593,83927000.0,19,0.017018530886845594,0.35714285714285715,
2017,19,-0.003002551471687376,54062740.0,19,0.017018530886845594,0.35714285714285715,
2018,19,0.02545121882140977,62881120.0,19,0.017018530886845594,0.35714285714285715,
2019,19,-0.020206244229241443,111879340.0,19,0.017018530886845594,0.35714285714285715,
2020,19,0.033831731716655766,77155700.0,19,0.017018530886845594,0.35714285714285715,
2021,19,-0.012704551057188151,104429400.0,19,0.017018530886845594,0.35714285714285715,
2022,19,-0.022729118795298264,131941900.0,19,0.017018530886845594,0.35714285714285715,
2023,19,-0.0025007885027882315,67201260.0,19,0.017018530886845594,0.35714285714285715,
2010,20,-0.04192976340299448,422473400.0,20,0.01961867188025619,0.35714285714285715,
2011,20,-0.003118767871471695,154332780.0,20,0.01961867188025619,0.35714285714285715,
2012,20,-0.04401721839419048,229282720.0,20,0.01961867188025619,0.35714285714285715,
2013,20,0.021497123973515997,112255440.0,20,0.01961867188025619,0.35714285714285715,
2014,20,0.0005819032831515525,95635000.0,20,0.01961867188025619,0.35714285714285715,
2015,20,0.00393778362043018,92509540.0,20,0.01961867188025619,0.35714285714285715,
2016,20,0.003677109245888155,106578940.0,20,0.01961867188025619,0.35714285714285715,
2017,20,-0.0026034767902781697,101478780.0,20,0.01961867188025619,0.35714285714285715,
2018,20,-0.005550159136883059,63334740.0,20,0.01961867188025619,0.35714285714285715,
2019,20,-0.0074331808222075635,91070540.0,20,0.01961867188025619,0.35714285714285715,
2020,20,-0.020847864299068486,110646060.0,20,0.01961867188025619,0.35714285714285715,
2021,20,-0.003842706042178401,77201480.0,20,0.01961867188025619,0.35714285714285715,
2022,20,-0.02948673929930279,101853900.0,20,0.01961867188025619,0.35714285714285715,
2023,20,0.017084527727124987,80027760.0,20,0.01961867188025619,0.35714285714285715,
2010,21,0.003110093585453555,322970300.0,21,0.019186076520922295,0.7857142857142857,
2011,21,-0.0006569999492362921,150544320.0,21,0.019186076520922295,0.7857142857142857,
2012,21,0.018181425161412634,176634780.0,21,0.019186076520922295,0.7857142857142857,
2013,21,-0.009778725620619877,157509100.0,21,0.019186076520922295,0.7857142857142857,
2014,21,0.012229553020888462,77443560.0,21,0.019186076520922295,0.7857142857142857,
2015,21,0.002597713465583684,69143980.0,21,0.019186076520922295,0.7857142857142857,
2016,21,0.022968647190123037,69666740.0,21,0.019186076520922295,0.7857142857142857,
2017,21,0.014195701893399915,53396320.0,21,0.019186076520922295,0.7857142857142857,
2018,21,0.0030583433294806284,61621020.0,21,0.019186076520922295,0.7857142857142857,
2019,21,-0.010617791738755655,62641820.0,21,0.019186076520922295,0.7857142857142857,
2020,21,0.032171655147829825,88601380.0,21,0.019186076520922295,0.7857142857142857,
2021,21,0.012273736596316365,53428920.0,21,0.019186076520922295,0.7857142857142857,
2022,21,0.06444168086776758,85254720.0,21,0.019186076520922295,0.7857142857142857,
2023,21,0.003549075274331126,84226840.0,21,0.019186076520922295,0.7857142857142857,
2010,22,-0.02247693596372935,285811750.0,22,0.018279327187327297,0.5,
2011,22,-0.023056022046464175,208245625.0,22,0.018279327187327297,0.5,
2012,22,-0.029775678619642254,191170200.0,22,0.018279327187327297,0.5,
2013,22,-0.011165388666753984,147171775.0,22,0.018279327187327297,0.5,
2014,22,0.012200151376619672,69856500.0,22,0.018279327187327297,0.5,
2015,22,-0.008600660481406286,104354200.0,22,0.018279327187327297,0.5,
2016,22,0.0002035740481950432,86154350.0,22,0.018279327187327297,0.5,
2017,22,0.010163550795466603,71156500.0,22,0.018279327187327297,0.5,
2018,22,0.005535498194513044,87591325.0,22,0.018279327187327297,0.5,
2019,22,-0.02675538261362076,81097225.0,22,0.018279327187327297,0.5,
2020,22,0.029810460263135385,100816200.0,22,0.018279327187327297,0.5,
2021,22,0.006126270276064938,54347825.0,22,0.018279327187327297,0.5,
2022,22,-0.011067471690675568,83501675.0,22,0.018279327187327297,0.5,
2023,22,0.018797893463993964,90814875.0,22,0.018279327187327297,0.5,
2010,23,0.02700200508388484,284485100.0,23,0.026523148538028587,0.6428571428571429,
2011,23,-0.02166757530467145,187980380.0,23,0.026523148538028587,0.6428571428571429,
2012,23,0.03812993783036944,175917220.0,23,0.026523148538028587,0.6428571428571429,
2013,23,0.00847206268537104,185264660.0,23,0.026523148538028587,0.6428571428571429,
2014,23,0.013950918191400041,71206200.0,23,0.026523148538028587,0.6428571428571429,
2015,23,-0.006466354172714128,109255640.0,23,0.026523148538028587,0.6428571428571429,
2016,23,-0.0009336528286892909,75929760.0,23,0.026523148538028587,0.6428571428571429,
2017,23,-0.0031091587528903064,69485120.0,23,0.026523148538028587,0.6428571428571429,
2018,23,0.01668753975188586,60872300.0,23,0.026523148538028587,0.6428571428571429,
2019,23,0.044335396906547975,77706440.0,23,0.026523148538028587,0.6428571428571429,
2020,23,0.048632945484304524,89782440.0,23,0.026523148538028587,0.6428571428571429,
2021,23,0.004051926513447324,48743300.0,23,0.026523148538028587,0.6428571428571429,
2022,23,-0.051013714651028996,80063000.0,23,0.026523148538028587,0.6428571428571429,
2023,23,0.00464639738964745,72510260.0,23,0.026523148538028587,0.6428571428571429,
2010,24,0.023522322784957583,219806240.0,24,0.02341552449620139,0.5714285714285714,
2011,24,0.0008728346204616155,242089180.0,24,0.02341552449620139,0.5714285714285714,
2012,24,0.013226658862576568,184794360.0,24,0.02341552449620139,0.5714285714285714,
2013,24,-0.009656128390876373,149463860.0,24,0.02341552449620139,0.5714285714285714,
2014,24,-0.006381825871194735,75877400.0,24,0.02341552449620139,0.5714285714285714,
2015,24,0.0012685210350434906,107581620.0,24,0.02341552449620139,0.5714285714285714,
2016,24,-0.011812828677190912,123704760.0,24,0.02341552449620139,0.5714285714285714,
2017,24,0.001710818056692931,75159080.0,24,0.02341552449620139,0.5714285714285714,
2018,24,0.0006732549850425595,81486260.0,24,0.02341552449620139,0.5714285714285714,
2019,24,0.0056027831007501305,53561320.0,24,0.02341552449620139,0.5714285714285714,
2020,24,-0.04662230712583493,130008740.0,24,0.02341552449620139,0.5714285714285714,
2021,24,-0.01900075370476928,76775820.0,24,0.02341552449620139,0.5714285714285714,
2022,24,-0.057665418120589895,129054140.0,24,0.02341552449620139,0.5714285714285714,
2023,24,0.02584704854148978,99408100.0,24,0.02341552449620139,0.5714285714285714,
2010,25,-0.03486415518754182,242877220.0,25,0.024786339854376303,0.5,
2011,25,-0.0016946299283711053,217951020.0,25,0.024786339854376303,0.5,
2012,25,-0.00474741369325915,162099340.0,25,0.024786339854376303,0.5,
2013,25,-0.019757803205417312,210070680.0,25,0.024786339854376303,0.5,
2014,25,0.014094323324833846,92808200.0,25,0.024786339854376303,0.5,
2015,25,0.008743288270565808,126549520.0,25,0.024786339854376303,0.5,
2016,25,-0.015238979013597165,137397520.0,25,0.024786339854376303,0.5,
2017,25,0.0020756628112674758,57828540.0,25,0.024786339854376303,0.5,
2018,25,-0.008628845202592106,66038900.0,25,0.024786339854376303,0.5,
2019,25,0.021208884523033156,80638880.0,25,0.024786339854376303,0.5,
2020,25,0.01909920925037878,114637480.0,25,0.024786339854376303,0.5,
2021,25,0.027924702096776777,56641500.0,25,0.024786339854376303,0.5,
2022,25,0.06495705197640544,86053425.0,25,0.024786339854376303,0.5,
2023,25,-0.014262211581733464,78963600.0,25,0.024786339854376303,0.5,
2010,26,-0.05343267361584281,288655960.0,26,0.027279597856289993,0.42857142857142855,
2011,26,0.054866401722403646,200892980.0,26,0.027279597856289993,0.42857142857142855,
2012,26,0.02008070262888184,155518140.0,26,0.027279597856289993,0.42857142857142855,
2013,26,0.008651560529324587,161865160.0,26,0.027279597856289993,0.42857142857142855,
2014,26,-0.0005818802130678202,81077420.0,26,0.027279597856289993,0.42857142857142855,
2015,26,-0.004662760358372986,86552460.0,26,0.027279597856289993,0.42857142857142855,
2016,26,0.03289996021576502,159712800.0,26,0.027279597856289993,0.42857142857142855,
2017,26,-0.005371888704670313,80552240.0,26,0.027279597856289993,0.42857142857142855,
2018,26,-0.012525846874535618,97151060.0,26,0.027279597856289993,0.42857142857142855,
2019,26,-0.0033377740040715365,56180480.0,26,0.027279597856289993,0.42857142857142855,
2020,26,-0.02752072710714948,98672620.0,26,0.027279597856289993,0.42857142857142855,
2021,26,0.016576031689098825,53019340.0,26,0.027279597856289993,0.42857142857142855,
2022,26,-0.022614721855028108,81116500.0,26,0.027279597856289993,0.42857142857142855,
2023,26,0.023124018140382452,78815420.0,26,0.027279597856289993,0.42857142857142855,
2010,27,0.05541251394454583,216636675.0,27,0.01837194406947404,0.7857142857142857,
2011,27,0.0036580067905652713,168458075.0,27,0.01837194406947404,0.7857142857142857,
2012,27,-0.004410404716407523,121836025.0,27,0.01837194406947404,0.7857142857142857,
2013,27,0.016152457074578463,121112950.0,27,0.01837194406947404,0.7857142857142857,
2014,27,0.012115494820073902,66521250.0,27,0.01837194406947404,0.7857142857142857,
2015,27,-0.01177707849146703,156475000.0,27,0.01837194406947404,0.7857142857142857,
2016,27,0.013074949291348448,106347500.0,27,0.01837194406947404,0.7857142857142857,
2017,27,0.0013480339945229902,54238625.0,27,0.01837194406947404,0.7857142857142857,
2018,27,0.01522273193571999,57290375.0,27,0.01837194406947404,0.7857142857142857,
2019,27,0.018539850559878168,58196575.0,27,0.01837194406947404,0.7857142857142857,
2020,27,0.04001901015169307,83727200.0,27,0.01837194406947404,0.7857142857142857,
2021,27,0.0042392646670842415,76523425.0,27,0.01837194406947404,0.7857142857142857,
2022,27,0.019420428508231558,72196975.0,27,0.01837194406947404,0.7857142857142857,
2023,27,-0.010692041446042189,64486550.0,27,0.01837194406947404,0.7857142857142857,
2010,28,-0.011615211217327892,208753520.0,28,0.014715237313116223,0.6428571428571429,
2011,28,-0.020148715900400238,212156300.0,28,0.014715237313116223,0.6428571428571429,
2012,28,0.0021072696717139294,137324900.0,28,0.014715237313116223,0.6428571428571429,
2013,28,0.027305006846916724,117721100.0,28,0.014715237313116223,0.6428571428571429,
2014,28,-0.008008558768919816,81222800.0,28,0.014715237313116223,0.6428571428571429,
2015,28,0.0010659589435375594,145877140.0,28,0.014715237313116223,0.6428571428571429,
2016,28,0.01489231663836521,92123980.0,28,0.014715237313116223,0.6428571428571429,
2017,28,0.014190433192078022,49272520.0,28,0.014715237313116223,0.6428571428571429,
2018,28,0.015141862813804252,57582520.0,28,0.014715237313116223,0.6428571428571429,
2019,28,0.007351026990776166,47308740.0,28,0.014715237313116223,0.6428571428571429,
2020,28,0.017289762669651654,68033400.0,28,0.014715237313116223,0.6428571428571429,
2021,28,-0.009593812784865263,60186480.0,28,0.014715237313116223,0.6428571428571429,
2022,28,-0.008847534568833693,74715180.0,28,0.014715237313116223,0.6428571428571429,
2023,28,0.024259618381090697,72203760.0,28,0.014715237313116223,0.6428571428571429,
2010,29,0.03500062968800344,241240100.0,29,0.012144827814549456,0.9285714285714286,
2011,29,0.021967759881491467,174367620.0,29,0.012144827814549456,0.9285714285714286,
2012,29,0.005388701529781215,124497400.0,29,0.012144827814549456,0.9285714285714286,
2013,29,0.009894921002824186,91695680.0,29,0.012144827814549456,0.9285714285714286,
2014,29,0.005717325174609544,103935880.0,29,0.012144827814549456,0.9285714285714286,
2015,29,0.023914935188876774,96281280.0,29,0.012144827814549456,0.9285714285714286,
2016,29,0.00654162639109046,60359180.0,29,0.012144827814549456,0.9285714285714286,
2017,29,0.005376467316654643,51356940.0,29,0.012144827814549456,0.9285714285714286,
2018,29,0.0003404166145166698,57771960.0,29,0.012144827814549456,0.9285714285714286,
2019,29,-0.011591697158826242,43331520.0,29,0.012144827814549456,0.9285714285714286,
2020,29,0.01309295846847569,80249680.0,29,0.012144827814549456,0.9285714285714286,
2021,29,0.02004078658267172,84792940.0,29,0.012144827814549456,0.9285714285714286,
2022,29,0.026040399627314192,70130920.0,29,0.012144827814549456,0.9285714285714286,
2023,29,0.006491996979214321,68230660.0,29,0.012144827814549456,0.9285714285714286,
2010,30,-0.001182209648992405,198515440.0,30,0.018562929198683138,0.5,
2011,30,-0.039528432422216486,206386080.0,30,0.018562929198683138,0.5,
2012,30,0.016455438248516807,168185960.0,30,0.018562929198683138,0.5,
2013,30,-0.0003404507356115083,98415100.0,30,0.018562929198683138,0.5,
2014,30,7.529683029527945e-05,66921400.0,30,0.018562929198683138,0.5,
2015,30,-0.021230069337152768,89068760.0,30,0.018562929198683138,0.5,
2016,30,-0.0005462434619866174,70918520.0,30,0.018562929198683138,0.5,
2017,30,0.00012538683454643706,53993660.0,30,0.018562929198683138,0.5,
2018,30,0.006278479585509644,65729120.0,30,0.018562929198683138,0.5,
2019,30,0.01622915881860687,47178800.0,30,0.018562929198683138,0.5,
2020,30,-0.0024709828341249462,64179700.0,30,0.018562929198683138,0.5,
2021,30,-0.003221751730043021,55995040.0,30,0.018562929198683138,0.5,
2022,30,0.04247157605244689,69978060.0,30,0.018562929198683138,0.5,
2023,30,0.010511445015596976,70494740.0,30,0.018562929198683138,0.5,
2010,31,0.01933699255988075,174658860.0,31,0.02538138592297047,0.7142857142857143,
2011,31,-0.07271976734852836,443923300.0,31,0.02538138592297047,0.7142857142857143,
2012,31,0.005062351112977703,144606660.0,31,0.02538138592297047,0.7142857142857143,
2013,31,0.010893995595232409,101769680.0,31,0.02538138592297047,0.7142857142857143,
2014,31,-0.02654403146140194,125337400.0,31,0.02538138592297047,0.7142857142857143,
2015,31,0.012064280233313185,111253700.0,31,0.02538138592297047,0.7142857142857143,
2016,31,0.0049291249363947465,67615640.0,31,0.02538138592297047,0.7142857142857143,
2017,31,0.002029439610286232,53829620.0,31,0.02538138592297047,0.7142857142857143,
2018,31,0.007767707338671936,60705620.0,31,0.02538138592297047,0.7142857142857143,
2019,31,-0.031453649846284626,89523400.0,31,0.02538138592297047,0.7142857142857143,
2020,31,0.01758303070355649,60218140.0,31,0.02538138592297047,0.7142857142857143,
2021,31,0.009103766411253988,49893820.0,31,0.02538138592297047,0.7142857142857143,
2022,31,0.0037349677971836304,60745000.0,31,0.02538138592297047,0.7142857142857143,
2023,31,-0.02225688479385557,75118740.0,31,0.02538138592297047,0.7142857142857143,
2010,32,-0.036542737609951303,207072940.0,32,0.016985403141595468,0.42857142857142855,
2011,32,-0.011185082911283839,576882260.0,32,0.016985403141595468,0.42857142857142855,
2012,32,0.010652923975278838,95142080.0,32,0.016985403141595468,0.42857142857142855,
2013,32,-0.009606395983549176,84072280.0,32,0.016985403141595468,0.42857142857142855,
2014,32,0.003991089518432078,118319000.0,32,0.016985403141595468,0.42857142857142855,
2015,32,-0.012139685678747791,103092420.0,32,0.016985403141595468,0.42857142857142855,
2016,32,0.0012973043799486828,56583420.0,32,0.016985403141595468,0.42857142857142855,
2017,32,-0.013280651243001707,70339280.0,32,0.016985403141595468,0.42857142857142855,
2018,32,-0.0015171421557864662,47501020.0,32,0.016985403141595468,0.42857142857142855,
2019,32,-0.0026510902867477038,124294660.0,32,0.016985403141595468,0.42857142857142855,
2020,32,0.024428155353955372,47736240.0,32,0.016985403141595468,0.42857142857142855,
2021,32,0.00773202493950409,41395180.0,32,0.016985403141595468,0.42857142857142855,
2022,32,0.032801214070847684,57733560.0,32,0.016985403141595468,0.42857142857142855,
2023,32,-0.0025295525299428023,74035700.0,32,0.016985403141595468,0.42857142857142855,
2010,33,-0.006992686224541966,195729900.0,33,0.01573150288762831,0.42857142857142855,
2011,33,-0.04615435523177125,346468900.0,33,0.01573150288762831,0.42857142857142855,
2012,33,0.00949795665663522,91144020.0,33,0.01573150288762831,0.42857142857142855,
2013,33,-0.020645321676340922,102605700.0,33,0.01573150288762831,0.42857142857142855,
2014,33,0.012791113989899294,82909000.0,33,0.01573150288762831,0.42857142857142855,
2015,33,0.007172095703931403,108129120.0,33,0.01573150288762831,0.42857142857142855,
2016,33,0.0003887653969778526,61318740.0,33,0.01573150288762831,0.42857142857142855,
2017,33,-0.005618105311723687,90097700.0,33,0.01573150288762831,0.42857142857142855,
2018,33,0.006781884327266008,69617340.0,33,0.01573150288762831,0.42857142857142855,
2019,33,-0.008792226286105764,95604880.0,33,0.01573150288762831,0.42857142857142855,
2020,33,0.006898730448844259,51346820.0,33,0.01573150288762831,0.42857142857142855,
2021,33,-0.005640213622205348,84117340.0,33,0.01573150288762831,0.42857142857142855,
2022,33,-0.01155023211342554,58788160.0,33,0.01573150288762831,0.42857142857142855,
2023,33,-0.02060558477618346,79630360.0,33,0.01573150288762831,0.42857142857142855,
2010,34,-0.005983000176491005,242698280.0,34,0.024897872545900528,0.5714285714285714,
2011,34,0.04708431263620072,295991640.0,34,0.024897872545900528,0.5714285714285714,
2012,34,-0.0046668287634829,105605580.0,34,0.024897872545900528,0.5714285714285714,
2013,34,0.004850968140799661,107524560.0,34,0.024897872545900528,0.5714285714285714,
2014,34,0.017631646283311153,70244000.0,34,0.024897872545900528,0.5714285714285714,
2015,34,-0.056199156230427816,172925540.0,34,0.024897872545900528,0.5714285714285714,
2016,34,-0.00571875152751522,75645600.0,34,0.024897872545900528,0.5714285714285714,
2017,34,0.007659652583626886,58800240.0,34,0.024897872545900528,0.5714285714285714,
2018,34,0.008582053312904625,51753020.0,34,0.024897872545900528,0.5714285714285714,
2019,34,-0.013474738260995656,71104160.0,34,0.024897872545900528,0.5714285714285714,
2020,34,0.007833977657254798,47916700.0,34,0.024897872545900528,0.5714285714285714,
2021,34,0.015520020931628409,53862420.0,34,0.024897872545900528,0.5714285714285714,
2022,34,-0.039772025286089696,66001580.0,34,0.024897872545900528,0.5714285714285714,
2023,34,0.008126120394361447,78613060.0,34,0.024897872545900528,0.5714285714285714,
2010,35,0.037690770321801015,213261860.0,35,0.018909189087114805,0.7142857142857143,
2011,35,-0.0002123014441486326,248844880.0,35,0.018909189087114805,0.7142857142857143,
2012,35,-0.0024381493874379156,91691420.0,35,0.018909189087114805,0.7142857142857143,
2013,35,-0.01783537782167366,122112780.0,35,0.018909189087114805,0.7142857142857143,
2014,35,0.00761924897883226,56652800.0,35,0.018909189087114805,0.7142857142857143,
2015,35,0.009304589734664304,330178540.0,35,0.018909189087114805,0.7142857142857143,
2016,35,0.004985337990935812,78204860.0,35,0.018909189087114805,0.7142857142857143,
2017,35,0.01335366860577425,63908600.0,35,0.018909189087114805,0.7142857142857143,
2018,35,0.009745449447636445,58574340.0,35,0.018909189087114805,0.7142857142857143,
2019,35,0.02650518359617693,63918000.0,35,0.018909189087114805,0.7142857142857143,
2020,35,0.03230426949673859,48893060.0,35,0.018909189087114805,0.7142857142857143,
2021,35,0.006281477472670716,49210100.0,35,0.018909189087114805,0.7142857142857143,
2022,35,-0.032605692262046015,81085020.0,35,0.018909189087114805,0.7142857142857143,
2023,35,0.025316804010360072,67738300.0,35,0.018909189087114805,0.7142857142857143,
2010,36,0.0054183622581238655,141683750.0,36,0.02015410616493552,0.42857142857142855,
2011,36,-0.01569088637470395,281424250.0,36,0.02015410616493552,0.42857142857142855,
2012,36,0.022420008086764698,121607775.0,36,0.02015410616493552,0.42857142857142855,
2013,36,0.014543911621899275,115652875.0,36,0.02015410616493552,0.42857142857142855,
2014,36,0.002002535716216114,79325250.0,36,0.02015410616493552,0.42857142857142855,
2015,36,-0.03336615277839394,187747460.0,36,0.02015410616493552,0.42857142857142855,
2016,36,-0.023286425242734277,107237250.0,36,0.02015410616493552,0.42857142857142855,
2017,36,-0.005064506050860729,67795800.0,36,0.02015410616493552,0.42857142857142855,
2018,36,-0.009367150401832003,67370375.0,36,0.02015410616493552,0.42857142857142855,
2019,36,0.019130828920133736,62207775.0,36,0.02015410616493552,0.42857142857142855,
2020,36,-0.022318916323122995,95543060.0,36,0.02015410616493552,0.42857142857142855,
2021,36,-0.01695845124144335,63943000.0,36,0.02015410616493552,0.42857142857142855,
2022,36,0.03626344009481952,76282550.0,36,0.02015410616493552,0.42857142857142855,
2023,36,-0.012608572471433543,64484950.0,36,0.02015410616493552,0.42857142857142855,
2010,37,0.014427365610333753,190547060.0,37,0.023686561232539684,0.6428571428571429,
2011,37,0.052660973944005374,301800640.0,37,0.023686561232539684,0.6428571428571429,
2012,37,0.020111976399896925,131621320.0,37,0.023686561232539684,0.6428571428571429,
2013,37,0.019704595981698714,88777840.0,37,0.023686561232539684,0.6428571428571429,
2014,37,-0.009846185448315614,80834340.0,37,0.023686561232539684,0.6428571428571429,
2015,37,0.021745431718175,135918925.0,37,0.023686561232539684,0.6428571428571429,
2016,37,0.005723601039201109,154957900.0,37,0.023686561232539684,0.6428571428571429,
2017,37,0.015542837199334136,75673500.0,37,0.023686561232539684,0.6428571428571429,
2018,37,0.011364430937784498,53333260.0,37,0.023686561232539684,0.6428571428571429,
2019,37,0.010179447094605498,62608400.0,37,0.023686561232539684,0.6428571428571429,
2020,37,-0.02443040750308345,95294325.0,37,0.023686561232539684,0.6428571428571429,
2021,37,-0.005810955932901041,87387920.0,37,0.023686561232539684,0.6428571428571429,
2022,37,-0.04790137277452444,93589140.0,37,0.023686561232539684,0.6428571428571429,
2023,37,-0.001168869201696232,76627400.0,37,0.023686561232539684,0.6428571428571429,
2010,38,0.02087400906438075,217258560.0,38,0.02492862906361825,0.5,
2011,38,-0.06687829894913022,319570860.0,38,0.02492862906361825,0.5,
2012,38,-0.004017966577117282,121764000.0,38,0.02492862906361825,0.5,
2013,38,0.013156786737221204,134353420.0,38,0.02492862906361825,0.5,
2014,38,0.012560955173902766,112101400.0,38,0.02492862906361825,0.5,
2015,38,-0.00113382305737586,158508780.0,38,0.02492862906361825,0.5,
2016,38,0.012302322185426484,82101960.0,38,0.02492862906361825,0.5,
2017,38,0.001009516208633543,50468560.0,38,0.02492862906361825,0.5,
2018,38,0.008387806221119232,77019060.0,38,0.02492862906361825,0.5,
2019,38,-0.0047499142552674956,67833600.0,38,0.02492862906361825,0.5,
2020,38,-0.006052898320715205,79604760.0,38,0.02492862906361825,0.5,
2021,38,0.005933137493380425,99962500.0,38,0.02492862906361825,0.5,
2022,38,-0.04632202552205811,93823900.0,38,0.02492862906361825,0.5,
2023,38,-0.02945758382923791,81927040.0,38,0.02492862906361825,0.5,
2010,39,-0.0017981544232044122,195876100.0,39,0.009332896975681083,0.14285714285714285,
2011,39,-0.0025403295238320966,289125120.0,39,0.009332896975681083,0.14285714285714285,
2012,39,-0.012981995913451616,127575160.0,39,0.009332896975681083,0.14285714285714285,
2013,39,-0.01062332978554592,100908960.0,39,0.009332896975681083,0.14285714285714285,
2014,39,-0.013809361122691488,119613800.0,39,0.009332896975681083,0.14285714285714285,
2015,39,-0.01328599787866791,133368260.0,39,0.009332896975681083,0.14285714285714285,
2016,39,0.001567978559565697,100201320.0,39,0.009332896975681083,0.14285714285714285,
2017,39,0.007166940694370405,64500920.0,39,0.009332896975681083,0.14285714285714285,
2018,39,-0.004344796054587152,61372040.0,39,0.009332896975681083,0.14285714285714285,
2019,39,-0.009637320204809008,70225300.0,39,0.009332896975681083,0.14285714285714285,
2020,39,-0.005303592539783963,80785160.0,39,0.009332896975681083,0.14285714285714285,
2021,39,-0.02166772915310977,108776540.0,39,0.009332896975681083,0.14285714285714285,
2022,39,-0.029121563790797667,115668200.0,39,0.009332896975681083,0.14285714285714285,
2023,39,-0.006716463169906373,95817100.0,39,0.009332896975681083,0.14285714285714285,
2010,40,0.016943766677728234,177406800.0,40,0.010589160817910621,0.6428571428571429,
2011,40,0.02337627288907973,335776200.0,40,0.010589160817910621,0.6428571428571429,
2012,40,0.014998235271929339,123954040.0,40,0.010589160817910621,0.6428571428571429,
2013,40,-8.712698502666427e-07,131604600.0,40,0.010589160817910621,0.6428571428571429,
2014,40,-0.0068394827700271055,136613200.0,40,0.010589160817910621,0.6428571428571429,
2015,40,0.011693281301987435,168619160.0,40,0.010589160817910621,0.6428571428571429,
2016,40,-0.005810312287427899,85798380.0,40,0.010589160817910621,0.6428571428571429,
2017,40,0.012451616354278716,65191120.0,40,0.010589160817910621,0.6428571428571429,
2018,40,-0.009972245993717821,78305860.0,40,0.010589160817910621,0.6428571428571429,
2019,40,-0.003196523549489627,82562860.0,40,0.010589160817910621,0.6428571428571429,
2020,40,0.01567064893853276,79619900.0,40,0.010589160817910621,0.6428571428571429,
2021,40,0.008486903370875654,95855920.0,40,0.010589160817910621,0.6428571428571429,
2022,40,0.01684986580779091,94309600.0,40,0.010589160817910621,0.6428571428571429,
2023,40,0.004994176836897624,91671520.0,40,0.010589160817910621,0.6428571428571429,
2010,41,0.00994975576768653,188224960.0,41,0.02720786367552386,0.6428571428571429,
2011,41,0.05832694275176464,229047120.0,41,0.02720786367552386,0.6428571428571429,
2012,41,-0.022409433125776146,119863840.0,41,0.02720786367552386,0.6428571428571429,
2013,41,0.008434635124362155,148855600.0,41,0.02720786367552386,0.6428571428571429,
2014,41,-0.030364992100549548,174353200.0,41,0.02720786367552386,0.6428571428571429,
2015,41,0.03218226731162499,124205400.0,41,0.02720786367552386,0.6428571428571429,
2016,41,-0.008868305555815081,90158340.0,41,0.02720786367552386,0.6428571428571429,
2017,41,0.0022854593646303156,45680060.0,41,0.02720786367552386,0.6428571428571429,
2018,41,-0.04126079910891145,166967840.0,41,0.02720786367552386,0.6428571428571429,
2019,41,0.006787189406580629,74338940.0,41,0.02720786367552386,0.6428571428571429,
2020,41,0.038716489271290344,59522540.0,41,0.02720786367552386,0.6428571428571429,
2021,41,0.018332709387439916,69177100.0,41,0.02720786367552386,0.6428571428571429,
2022,41,-0.013664322431801823,103301780.0,41,0.02720786367552386,0.6428571428571429,
2023,41,0.004626038060226434,79546140.0,41,0.02720786367552386,0.6428571428571429,
2010,42,0.005657559670851686,190331840.0,42,0.015947767477390073,0.8571428571428571,
2011,42,0.01198849846195793,257769160.0,42,0.015947767477390073,0.8571428571428571,
2012,42,0.0037328267712304353,135818480.0,42,0.015947767477390073,0.8571428571428571,
2013,42,0.024143674160808537,139394400.0,42,0.015947767477390073,0.8571428571428571,
2014,42,-0.010693254871899427,262503400.0,42,0.015947767477390073,0.8571428571428571,
2015,42,0.009748644482451385,98452560.0,42,0.015947767477390073,0.8571428571428571,
2016,42,0.004058071954397224,72878700.0,42,0.015947767477390073,0.8571428571428571,
2017,42,0.00845147119458689,52350240.0,42,0.015947767477390073,0.8571428571428571,
2018,42,0.0014439080849629748,121120920.0,42,0.015947767477390073,0.8571428571428571,
2019,42,0.005752486160607639,49223620.0,42,0.015947767477390073,0.8571428571428571,
2020,42,0.0014380973208074632,72246300.0,42,0.015947767477390073,0.8571428571428571,
2021,42,0.01617517356322684,51786420.0,42,0.015947767477390073,0.8571428571428571,
2022,42,0.046276248724864355,97879900.0,42,0.015947767477390073,0.8571428571428571,
2023,42,-0.023923977764993,97897300.0,42,0.015947767477390073,0.8571428571428571,
2010,43,0.0011911621057181243,162606820.0,43,0.023926161092753306,0.6428571428571429,
2011,43,0.037577512999953155,275998580.0,43,0.023926161092753306,0.6428571428571429,
2012,43,-0.014223328077688002,143659040.0,43,0.023926161092753306,0.6428571428571429,
2013,43,0.008950028248339903,100045200.0,43,0.023926161092753306,0.6428571428571429,
2014,43,0.041729805785119756,141930600.0,43,0.023926161092753306,0.6428571428571429,
2015,43,0.02086549757675593,115272880.0,43,0.023926161092753306,0.6428571428571429,
2016,43,-0.006727756177629773,84047560.0,43,0.023926161092753306,0.6428571428571429,
2017,43,0.0023862016455337143,77985400.0,43,0.023926161092753306,0.6428571428571429,
2018,43,-0.039525304759412294,149242260.0,43,0.023926161092753306,0.6428571428571429,
2019,43,0.012150751741412669,40530800.0,43,0.023926161092753306,0.6428571428571429,
2020,43,-0.00421013868310105,59319140.0,43,0.023926161092753306,0.6428571428571429,
2021,43,0.013510662558741005,59065580.0,43,0.023926161092753306,0.6428571428571429,
2022,43,0.03912152278836423,90128860.0,43,0.023926161092753306,0.6428571428571429,
2023,43,-0.025053367063782805,97469400.0,43,0.023926161092753306,0.6428571428571429,
2010,44,0.035306129420580534,190963400.0,44,0.029616316610365852,0.7142857142857143,
2011,44,-0.023554003571496063,286001300.0,44,0.029616316610365852,0.7142857142857143,
2012,44,0.001578453615945552,114045433.33333333,44,0.029616316610365852,0.7142857142857143,
2013,44,0.001511141663282367,117796400.0,44,0.029616316610365852,0.7142857142857143,
2014,44,0.026429682776116792,118496000.0,44,0.029616316610365852,0.7142857142857143,
2015,44,0.0021004409285578785,100889580.0,44,0.029616316610365852,0.7142857142857143,
2016,44,-0.018895772397627075,97089300.0,44,0.029616316610365852,0.7142857142857143,
2017,44,0.002882161369032743,56966480.0,44,0.029616316610365852,0.7142857142857143,
2018,44,0.02467794886268615,133658100.0,44,0.029616316610365852,0.7142857142857143,
2019,44,0.015008097468817816,55254220.0,44,0.029616316610365852,0.7142857142857143,
2020,44,-0.05636784924920446,99089280.0,44,0.029616316610365852,0.7142857142857143,
2021,44,0.020050581592897077,53817900.0,44,0.029616316610365852,0.7142857142857143,
2022,44,-0.03259889516015502,99926920.0,44,0.029616316610365852,0.7142857142857143,
2023,44,0.057188538937285704,91869140.0,44,0.029616316610365852,0.7142857142857143,
2010,45,-0.02063478088800641,192240500.0,45,0.02647860035151081,0.7142857142857143,
2011,45,0.010377817588289706,236163280.0,45,0.02647860035151081,0.7142857142857143,
2012,45,-0.023944275985531505,170464740.0,45,0.02647860035151081,0.7142857142857143,
2013,45,0.006305414629087958,110512600.0,45,0.02647860035151081,0.7142857142857143,
2014,45,0.008330692352097602,95056200.0,45,0.02647860035151081,0.7142857142857143,
2015,45,0.010175324156023735,93324320.0,45,0.02647860035151081,0.7142857142857143,
2016,45,0.037353436954637664,149532400.0,45,0.02647860035151081,0.7142857142857143,
2017,45,-0.0013842391992243686,62538920.0,45,0.02647860035151081,0.7142857142857143,
2018,45,0.02167064494027826,78571600.0,45,0.02647860035151081,0.7142857142857143,
2019,45,0.00912243074988428,50666320.0,45,0.02647860035151081,0.7142857142857143,
2020,45,0.07048802890075001,92666980.0,45,0.02647860035151081,0.7142857142857143,
2021,45,-0.00262607053477093,51859840.0,45,0.02647860035151081,0.7142857142857143,
2022,45,0.05899144436351278,93343840.0,45,0.02647860035151081,0.7142857142857143,
2023,45,0.013684989598247377,73294080.0,45,0.02647860035151081,0.7142857142857143,
2010,46,0.000983198701825394,198078500.0,46,0.0187727604890245,0.5714285714285714,
2011,46,-0.03733686080224863,225310040.0,46,0.0187727604890245,0.5714285714285714,
2012,46,-0.012928765475564541,165962620.0,46,0.0187727604890245,0.5714285714285714,
2013,46,0.015503585547299026,91340200.0,46,0.0187727604890245,0.5714285714285714,
2014,46,0.00442308912905065,75342820.0,46,0.0187727604890245,0.5714285714285714,
2015,46,-0.036144580045035735,109924320.0,46,0.0187727604890245,0.5714285714285714,
2016,46,0.00961339457099808,81582660.0,46,0.0187727604890245,0.5714285714285714,
2017,46,-0.0008359121838121819,67177820.0,46,0.0187727604890245,0.5714285714285714,
2018,46,-0.014355706425948633,116991100.0,46,0.0187727604890245,0.5714285714285714,
2019,46,0.009213952141866488,49888620.0,46,0.0187727604890245,0.5714285714285714,
2020,46,0.022671272327464576,89388720.0,46,0.0187727604890245,0.5714285714285714,
2021,46,0.0034791102866696955,50327500.0,46,0.0187727604890245,0.5714285714285714,
2022,46,-0.006125787258658533,80205060.0,46,0.0187727604890245,0.5714285714285714,
2023,46,0.0230315365541095,75307920.0,46,0.0187727604890245,0.5714285714285714,
2010,47,-0.012181547264611958,154930975.0,47,0.024105720157277615,0.5714285714285714,
2011,47,-0.046900316255492625,192498150.0,47,0.024105720157277615,0.5714285714285714,
2012,47,0.03616314384437902,104605800.0,47,0.024105720157277615,0.5714285714285714,
2013,47,0.0042704919708754785,99546600.0,47,0.024105720157277615,0.5714285714285714,
2014,47,0.011909945100757602,90809940.0,47,0.024105720157277615,0.5714285714285714,
2015,47,0.033125323307246046,108468680.0,47,0.024105720157277615,0.5714285714285714,
2016,47,0.01376411973135716,58581025.0,47,0.024105720157277615,0.5714285714285714,
2017,47,0.009674302067965712,47535550.0,47,0.024105720157277615,0.5714285714285714,
2018,47,-0.03869189867820533,89363650.0,47,0.024105720157277615,0.5714285714285714,
2019,47,-0.002654616634992446,59190760.0,47,0.024105720157277615,0.5714285714285714,
2020,47,-0.007568138142181713,68320320.0,47,0.024105720157277615,0.5714285714285714,
2021,47,-0.021122445220130626,80124225.0,47,0.024105720157277615,0.5714285714285714,
2022,47,0.01589881532296067,52619800.0,47,0.024105720157277615,0.5714285714285714,
2023,47,0.009994340175796812,52078275.0,47,0.024105720157277615,0.5714285714285714,
2010,48,0.03417682983397141,204222540.0,48,0.02256642250306669,0.8571428571428571,
2011,48,0.07191655250849471,226486300.0,48,0.02256642250306669,0.8571428571428571,
2012,48,0.005702458541523736,138702260.0,48,0.02256642250306669,0.8571428571428571,
2013,48,0.0010540591514520692,70287725.0,48,0.02256642250306669,0.8571428571428571,
2014,48,0.002522629308057578,66261750.0,48,0.02256642250306669,0.8571428571428571,
2015,48,0.0011955682979150062,63275875.0,48,0.02256642250306669,0.8571428571428571,
2016,48,-0.00831837894194587,82726360.0,48,0.02256642250306669,0.8571428571428571,
2017,48,0.015716469213848505,104208800.0,48,0.02256642250306669,0.8571428571428571,
2018,48,0.0464443797809484,92732800.0,48,0.02256642250306669,0.8571428571428571,
2019,48,0.010764850715617724,41813375.0,48,0.02256642250306669,0.8571428571428571,
2020,48,0.023351389925083677,49872875.0,48,0.02256642250306669,0.8571428571428571,
2021,48,-0.011683144225511088,126347400.0,48,0.02256642250306669,0.8571428571428571,
2022,48,0.01193649633034155,85299840.0,48,0.02256642250306669,0.8571428571428571,
2023,48,0.008339105941896463,68923520.0,48,0.02256642250306669,0.8571428571428571,
2010,49,0.012887166367159364,137785500.0,49,0.021294507862084942,0.7857142857142857,
2011,49,0.009937397550467408,218376540.0,49,0.021294507862084942,0.7857142857142857,
2012,49,0.001851896578877299,122283200.0,49,0.021294507862084942,0.7857142857142857,
2013,49,-0.0002474646295655969,114796800.0,49,0.021294507862084942,0.7857142857142857,
2014,49,0.003907960033862068,85953940.0,49,0.021294507862084942,0.7857142857142857,
2015,49,0.0006795213709687165,135652100.0,49,0.021294507862084942,0.7857142857142857,
2016,49,0.03074606799213986,85234700.0,49,0.021294507862084942,0.7857142857142857,
2017,49,0.003989845637500156,80343240.0,49,0.021294507862084942,0.7857142857142857,
2018,49,-0.0439138086482973,161591650.0,49,0.021294507862084942,0.7857142857142857,
2019,49,0.0019006288116397707,57685100.0,49,0.021294507862084942,0.7857142857142857,
2020,49,0.016959039371810758,63532600.0,49,0.021294507862084942,0.7857142857142857,
2021,49,0.0378380472990143,81026680.0,49,0.021294507862084942,0.7857142857142857,
2022,49,-0.03374158830910301,72675100.0,49,0.021294507862084942,0.7857142857142857,
2023,49,0.0024532948413774625,72285080.0,49,0.021294507862084942,0.7857142857142857,
2010,50,0.0038267709409138817,153599180.0,50,0.01781767398663315,0.2857142857142857,
2011,50,-0.029485741139562816,223839060.0,50,0.01781767398663315,0.2857142857142857,
2012,50,-0.0021296255602862857,134141580.0,50,0.01781767398663315,0.2857142857142857,
2013,50,-0.01568542363854386,101012800.0,50,0.01781767398663315,0.2857142857142857,
2014,50,-0.0344834840937247,150993540.0,50,0.01781767398663315,0.2857142857142857,
2015,50,-0.037357870557460204,139020640.0,50,0.01781767398663315,0.2857142857142857,
2016,50,-0.0005668164776607698,127277640.0,50,0.01781767398663315,0.2857142857142857,
2017,50,0.008906344636881114,103291140.0,50,0.01781767398663315,0.2857142857142857,
2018,50,-0.011644520935497837,116910160.0,50,0.01781767398663315,0.2857142857142857,
2019,50,0.007797672770016639,63762180.0,50,0.01781767398663315,0.2857142857142857,
2020,50,-0.009597199820263747,56187100.0,50,0.01781767398663315,0.2857142857142857,
2021,50,-0.01957477731101054,110793660.0,50,0.01781767398663315,0.2857142857142857,
2022,50,-0.020674214729437645,108972700.0,50,0.01781767398663315,0.2857142857142857,
2023,50,0.023809757829436506,97390620.0,50,0.01781767398663315,0.2857142857142857,
2010,51,0.010432945012194939,90745700.0,51,0.026265381850343904,0.7857142857142857,
2011,51,0.03930470815424936,163040920.0,51,0.026265381850343904,0.7857142857142857,
2012,51,0.012126540578328626,177253440.0,51,0.026265381850343904,0.7857142857142857,
2013,51,0.024785343629092793,150921040.0,51,0.026265381850343904,0.7857142857142857,
2014,51,0.033699490018423095,241227640.0,51,0.026265381850343904,0.7857142857142857,
2015,51,-0.0028709359191200212,191591560.0,51,0.026265381850343904,0.7857142857142857,
2016,51,0.0029894413664183217,68201160.0,51,0.026265381850343904,0.7857142857142857,
2017,51,0.0037749944709756234,77708240.0,51,0.026265381850343904,0.7857142857142857,
2018,51,-0.07245805065236577,204479840.0,51,0.026265381850343904,0.7857142857142857,
2019,51,0.015635023655251157,84886600.0,51,0.026265381850343904,0.7857142857142857,
2020,51,0.012210585787385986,78432760.0,51,0.026265381850343904,0.7857142857142857,
2021,51,0.023346384666858677,73067750.0,51,0.026265381850343904,0.7857142857142857,
2022,51,-0.0006727601566726138,78490180.0,51,0.026265381850343904,0.7857142857142857,
2023,51,0.00934031296759441,76570440.0,51,0.026265381850343904,0.7857142857142857,
2010,52,0.0011961184316170437,67860800.0,52,0.013487252876984863,0.5714285714285714,
2011,52,-0.006914102992508386,106072250.0,52,0.013487252876984863,0.5714285714285714,
2012,52,-0.019444864122266092,119387400.0,52,0.013487252876984863,0.5714285714285714,
2013,52,0.012563586092092849,64036450.0,52,0.013487252876984863,0.5714285714285714,
2014,52,0.009270880030849415,92694225.0,52,0.013487252876984863,0.5714285714285714,
2015,52,0.028056474553389887,92411825.0,52,0.013487252876984863,0.5714285714285714,
2016,52,-0.009661257372059584,66115475.0,52,0.013487252876984863,0.5714285714285714,
2017,52,-0.0024228486444979325,61029725.0,52,0.013487252876984863,0.5714285714285714,
2018,52,0.03048915152726772,176291125.0,52,0.013487252876984863,0.5714285714285714,
2019,52,0.006634321595958115,36675000.0,52,0.013487252876984863,0.5714285714285714,
2020,52,-0.00047204306808878993,54248750.0,52,0.013487252876984863,0.5714285714285714,
2021,52,0.00932947597841749,55830520.0,52,0.013487252876984863,0.5714285714285714,
2022,52,-0.0010050719749108428,68385700.0,52,0.013487252876984863,0.5714285714285714,
2023,52,0.003513361566098494,80694875.0,52,0.013487252876984863,0.5714285714285714,
2015,53,-0.008704427119330616,84184050.0,53,0.015482201929493528,0.5,
2020,53,0.013190712824758033,55164225.0,53,0.015482201929493528,0.5,
