Friday Date,Monday Date,Friday Close,Monday Open,Monday Close,Friday-Monday Return (%),Volume Liquidity,Positive Return,Friday Volume,Monday Volume
2013-01-04,2013-01-07,146.3699951171875,145.85000610351562,145.97000122070312,-0.2732758829185789,Sufficient,False,116817700,110002500.0
2013-01-11,2013-01-14,147.07000732421875,146.88999938964844,146.97000122070312,-0.0679989790815469,Sufficient,False,113917300,89567200.0
2013-01-25,2013-01-28,150.25,150.2899932861328,150.07000732421875,-0.1197954580906822,Sufficient,False,147211600,113357700.0
2013-02-01,2013-02-04,151.24000549316406,150.32000732421875,149.5399932861328,-1.1240492893978964,Sufficient,False,131173000,159073600.0
2013-02-08,2013-02-11,151.8000030517578,151.74000549316406,151.77000427246094,-0.01976204130025386,Sufficient,False,103133700,73775000.0
2013-02-22,2013-02-25,151.88999938964844,152.6300048828125,149.0,-1.902692343973632,Sufficient,False,106356600,245824800.0
2013-03-01,2013-03-04,152.11000061035156,151.75999450683594,152.9199981689453,0.5325077610568539,Sufficient,True,170634800,99010200.0
2013-03-08,2013-03-11,155.44000244140625,155.32000732421875,156.02999877929688,0.37956531692221673,Sufficient,True,123477800,83746800.0
2013-03-15,2013-03-18,155.8300018310547,154.33999633789062,154.97000122070312,-0.5518838479408763,Sufficient,False,138601100,126704300.0
2013-03-22,2013-03-25,155.60000610351562,156.00999450683594,154.9499969482422,-0.4177436566686299,Sufficient,False,111163600,151322300.0
2013-04-05,2013-04-08,155.16000366210938,155.27000427246094,156.2100067138672,0.6767227552046179,Sufficient,True,159666000,86571200.0
2013-04-12,2013-04-15,158.8000030517578,158.0,155.1199951171875,-2.317385304691011,Sufficient,False,116359900,217259000.0
2013-04-19,2013-04-22,155.47999572753906,155.77999877929688,156.1699981689453,0.44378856468159444,Sufficient,True,149687600,106553500.0
2013-04-26,2013-04-29,158.24000549316406,158.6699981689453,159.3000030517578,0.6698669879909361,Sufficient,True,95918800,88572800.0
2013-05-03,2013-05-06,161.3699951171875,161.49000549316406,161.77999877929688,0.2540767642780362,Sufficient,True,144202300,66882100.0
2013-05-10,2013-05-13,163.41000366210938,163.1999969482422,163.5399932861328,0.07954814338797961,Sufficient,True,103203000,81843200.0
2013-05-17,2013-05-20,166.94000244140625,166.77999877929688,166.92999267578125,-0.005996025804847641,Sufficient,False,129801000,85071200.0
2013-05-31,2013-06-03,163.4499969482422,163.8300018310547,164.35000610351562,0.5506327146389809,Sufficient,True,176850100,168390700.0
2013-06-07,2013-06-10,164.8000030517578,165.30999755859375,164.8000030517578,0.0,Sufficient,False,188337800,105667100.0
2013-06-14,2013-06-17,163.17999267578125,164.2899932861328,164.44000244140625,0.7721594694078003,Sufficient,True,141197500,136295600.0
2013-06-21,2013-06-24,159.07000732421875,157.41000366210938,157.05999755859375,-1.263600724885974,Sufficient,False,271956800,222329000.0
2013-06-28,2013-07-01,160.4199981689453,161.25999450683594,161.36000061035156,0.5859633787155965,Sufficient,True,160402900,131954800.0
2013-07-05,2013-07-08,163.02000427246094,163.86000061035156,163.9499969482422,0.570477641643857,Sufficient,True,122416900,108092500.0
2013-07-12,2013-07-15,167.50999450683594,167.97000122070312,168.14999389648438,0.3820663904459263,Sufficient,True,104212700,69450600.0
2013-07-19,2013-07-22,169.1699981689453,169.41000366210938,169.5,0.19507113236776416,Sufficient,True,103831700,79428600.0
2013-07-26,2013-07-29,169.11000061035156,168.67999267578125,168.58999633789062,-0.3074946901922647,Sufficient,False,107814600,79695000.0
2013-08-02,2013-08-05,170.9499969482422,170.57000732421875,170.6999969482422,-0.1462415937191806,Sufficient,False,91116700,54072700.0
2013-08-09,2013-08-12,169.30999755859375,168.4600067138672,169.11000061035156,-0.11812471273172974,Sufficient,False,91757700,68593300.0
2013-08-16,2013-08-19,165.8300018310547,165.63999938964844,164.77000427246094,-0.6392073490258179,Sufficient,False,130868200,96437600.0
2013-08-23,2013-08-26,166.6199951171875,166.7899932861328,166.0,-0.37210126956938383,Sufficient,False,90888900,89702100.0
2013-09-06,2013-09-09,166.0399932861328,166.4499969482422,167.6300048828125,0.9576076011636896,Sufficient,True,159756500,87559300.0
2013-09-13,2013-09-16,169.3300018310547,171.16000366210938,170.30999755859375,0.5787490208125268,Sufficient,True,72727800,106299200.0
2013-09-20,2013-09-23,170.72000122070312,170.49000549316406,169.92999267578125,-0.462751018786937,Sufficient,False,132867100,104616500.0
2013-09-27,2013-09-30,168.91000366210938,167.47999572753906,168.00999450683594,-0.5328335419812269,Sufficient,False,99141800,143937000.0
2013-10-04,2013-10-07,168.88999938964844,167.4199981689453,167.42999267578125,-0.8644719753351328,Sufficient,False,96878000,96295000.0
2013-10-11,2013-10-14,170.25999450683594,169.2100067138672,170.94000244140625,0.3993938426580944,Sufficient,True,105040000,112106000.0
2013-10-18,2013-10-21,174.38999938964844,174.4499969482422,174.39999389648438,0.005731123843636392,Sufficient,True,138316000,104104000.0
2013-10-25,2013-10-28,175.9499969482422,175.88999938964844,176.22999572753906,0.15913542719710308,Sufficient,True,93625000,84979000.0
2013-11-01,2013-11-04,176.2100067138672,176.69000244140625,176.8300018310547,0.3518501183614723,Sufficient,True,142805000,85677000.0
2013-11-08,2013-11-11,177.2899932861328,177.1199951171875,177.32000732421875,0.01692934695840226,Sufficient,True,136713000,62614000.0
2013-11-15,2013-11-18,180.0500030517578,180.35000610351562,179.4199981689453,-0.3499055107660268,Sufficient,False,102818000,104796000.0
2013-11-22,2013-11-25,180.80999755859375,181.1300048828125,180.6300048828125,-0.09954796649058142,Sufficient,False,81296000,79486000.0
2013-11-29,2013-12-02,181.0,181.08999633789062,180.52999877929688,-0.2596691827089089,Sufficient,False,55870900,99726000.0
2013-12-06,2013-12-09,180.94000244140625,181.47000122070312,181.39999389648438,0.25422319491074613,Sufficient,True,127728000,70124000.0
2013-12-13,2013-12-16,178.11000061035156,178.9499969482422,179.22000122070312,0.6232107161573107,Sufficient,True,107808000,96195000.0
2013-12-20,2013-12-23,181.55999755859375,182.4499969482422,182.52999877929688,0.5342593268046737,Sufficient,True,197087000,85598000.0
2013-12-27,2013-12-30,183.85000610351562,183.8699951171875,183.82000732421875,-0.016316985749777115,Sufficient,False,61814000,56857000.0
2014-01-03,2014-01-06,182.88999938964844,183.49000549316406,182.36000061035156,-0.28979101157286835,Sufficient,False,81390600,108028200.0
2014-01-10,2014-01-13,184.13999938964844,183.6699981689453,181.69000244140625,-1.3305077421325961,Sufficient,False,102026400,149892000.0
2014-01-24,2014-01-27,178.88999938964844,179.05999755859375,178.00999450683594,-0.4919251416037636,Sufficient,False,208677100,180843100.0
2014-01-31,2014-02-03,178.17999267578125,177.97000122070312,174.1699981689453,-2.2505301782858296,Sufficient,False,194677900,254837100.0
2014-02-07,2014-02-10,179.67999267578125,179.6999969482422,180.00999450683594,0.18366086626581207,Sufficient,True,170787200,92218800.0
2014-02-21,2014-02-24,183.88999938964844,184.27999877929688,184.91000366210938,0.5546817531385319,Sufficient,True,118116400,114063900.0
2014-02-28,2014-03-03,186.2899932861328,184.64999389648438,184.97999572753906,-0.7032033956765753,Sufficient,False,150842000,167748500.0
2014-03-07,2014-03-10,188.25999450683594,187.97000122070312,188.16000366210938,-0.05311316670782741,Sufficient,False,114513500,74939200.0
2014-03-14,2014-03-17,184.66000366210938,185.58999633789062,186.3300018310547,0.9043637689951924,Sufficient,True,153919600,98359500.0
2014-03-21,2014-03-24,186.1999969482422,186.83999633789062,185.42999267578125,-0.413536135918936,Sufficient,False,163128000,121411000.0
2014-03-28,2014-03-31,185.49000549316406,186.6699981689453,187.00999450683594,0.8194452362167253,Sufficient,True,101642000,99745000.0
2014-04-04,2014-04-07,186.39999389648438,185.9499969482422,184.33999633789062,-1.105148941012172,Sufficient,False,169381000,140803000.0
2014-04-11,2014-04-14,181.50999450683594,182.92999267578125,182.94000244140625,0.7878397762369258,Sufficient,True,167251000,132382000.0
2014-04-25,2014-04-28,186.2899932861328,187.0500030517578,186.8800048828125,0.3167167416091196,Sufficient,True,100380000,135121000.0
2014-05-02,2014-05-05,188.05999755859375,187.13999938964844,188.4199981689453,0.19142859461082218,Sufficient,True,98122000,75883000.0
2014-05-09,2014-05-12,187.9600067138672,188.8000030517578,189.7899932861328,0.9736042279735744,Sufficient,True,83679000,86940000.0
2014-05-16,2014-05-19,188.0500030517578,187.69000244140625,188.74000549316406,0.36692498282828406,Sufficient,True,97458000,63839000.0
2014-05-30,2014-06-02,192.67999267578125,192.9499969482422,192.89999389648438,0.11417958743299135,Sufficient,True,76316000,64656000.0
2014-06-06,2014-06-09,195.3800048828125,195.35000610351562,195.5800018310547,0.10236305826798614,Sufficient,True,78696000,65119000.0
2014-06-13,2014-06-16,194.1300048828125,193.88999938964844,194.2899932861328,0.08241302183909709,Sufficient,True,82017000,87424000.0
2014-06-20,2014-06-23,195.94000244140625,195.99000549316406,195.8800048828125,-0.030620372484527057,Sufficient,False,100587000,70611000.0
2014-06-27,2014-06-30,195.82000732421875,195.6999969482422,195.72000122070312,-0.05107042170111102,Sufficient,False,71445100,70201200.0
2014-07-11,2014-07-14,196.61000061035156,197.61000061035156,197.60000610351562,0.5035377092165771,Sufficient,True,64243000,58658000.0
2014-07-18,2014-07-21,197.7100067138672,197.08999633789062,197.33999633789062,-0.18714802661053692,Sufficient,False,124330000,67592000.0
2014-07-25,2014-07-28,197.72000122070312,197.75999450683594,197.8000030517578,0.04046218418003457,Sufficient,True,76837000,69259000.0
2014-08-01,2014-08-04,192.5,192.8699951171875,193.88999938964844,0.7220776050121753,Sufficient,True,189261000,91340000.0
2014-08-08,2014-08-11,193.24000549316406,193.97000122070312,193.8000030517578,0.28979380183963,Sufficient,True,117014000,74544000.0
2014-08-15,2014-08-18,195.72000122070312,196.8000030517578,197.36000061035156,0.8379314221437678,Sufficient,True,139951000,75424000.0
2014-08-22,2014-08-25,199.19000244140625,200.13999938964844,200.1999969482422,0.5070508029804546,Sufficient,True,76107000,63855000.0
2014-09-05,2014-09-08,201.11000061035156,200.9199981689453,200.58999633789062,-0.2585670881024162,Sufficient,False,102177000,64146000.0
2014-09-12,2014-09-15,199.1300048828125,199.16000366210938,198.97999572753906,-0.07533227117717267,Sufficient,False,117409300,76401000.0
2014-09-19,2014-09-22,200.6999969482422,200.35000610351562,199.14999389648438,-0.7722984929379632,Sufficient,False,121649000,125553000.0
2014-09-26,2014-09-29,197.89999389648438,196.1999969482422,197.5399932861328,-0.18191036960813053,Sufficient,False,103547000,95112000.0
2014-10-03,2014-10-06,196.52000427246094,197.33999633789062,196.2899932861328,-0.11704202184385831,Sufficient,False,121569000,104778000.0
2014-10-10,2014-10-13,190.5399932861328,190.4600067138672,187.41000366210938,-1.6426943079205163,Sufficient,False,221909000,230939000.0
2014-10-17,2014-10-20,188.47000122070312,188.1300048828125,190.3000030517578,0.9709777785334172,Sufficient,True,214625000,130011000.0
2014-10-24,2014-10-27,196.42999267578125,195.72999572753906,196.16000366210938,-0.13744795791827322,Sufficient,False,117927000,82954000.0
2014-10-31,2014-11-03,201.66000366210938,201.9199981689453,201.77000427246094,0.05454755943368601,Sufficient,True,146903000,93600000.0
2014-11-07,2014-11-10,203.33999633789062,203.3800048828125,203.97999572753906,0.3147434843978991,Sufficient,True,89540000,66319000.0
2014-11-14,2014-11-17,204.24000549316406,203.85000610351562,204.3699951171875,0.0636455251308678,Sufficient,True,80417500,80441000.0
2014-11-21,2014-11-24,206.67999267578125,207.1699981689453,207.25999450683594,0.28062795220074155,Sufficient,True,142327300,65880800.0
2014-11-28,2014-12-01,207.1999969482422,206.39999389648438,205.75999450683594,-0.6949818835016476,Sufficient,False,57890100,103968400.0
2014-12-05,2014-12-08,208.0,207.52000427246094,206.61000061035156,-0.6682689373309796,Sufficient,False,91025500,108588200.0
2014-12-12,2014-12-15,200.88999938964844,201.97999572753906,199.50999450683594,-0.6869455358680286,Sufficient,False,202330200,189965800.0
2014-12-19,2014-12-22,206.52000427246094,206.75,207.47000122070312,0.46000238649465686,Sufficient,True,245084600,148318900.0
2014-12-26,2014-12-29,208.44000244140625,208.22000122070312,208.72000122070312,0.13433063520308888,Sufficient,True,57326700,79643900.0
2015-01-02,2015-01-05,205.42999267578125,204.1699981689453,201.72000122070312,-1.8059638744832158,Sufficient,False,121465900,169632600.0
2015-01-09,2015-01-12,204.25,204.41000366210938,202.64999389648438,-0.7833567214274785,Sufficient,False,158567300,144396100.0
2015-01-23,2015-01-26,204.97000122070312,204.7100067138672,205.4499969482422,0.23417852596986774,Sufficient,True,117516800,92009700.0
2015-01-30,2015-02-02,199.4499969482422,200.0500030517578,201.9199981689453,1.2384062464258132,Sufficient,True,197729700,163107000.0
2015-02-06,2015-02-09,205.5500030517578,204.77000427246094,204.6300048828125,-0.4475787668627062,Sufficient,False,125672000,87219000.0
2015-02-20,2015-02-23,211.24000549316406,210.94000244140625,211.2100067138672,-0.014201277464862494,Sufficient,False,140896400,74411100.0
2015-02-27,2015-03-02,210.66000366210938,210.77999877929688,211.99000549316406,0.6313499515493979,Sufficient,True,108076000,87491400.0
2015-03-06,2015-03-09,207.5,207.74000549316406,208.36000061035156,0.4144581254706325,Sufficient,True,188128000,89818900.0
2015-03-13,2015-03-16,205.8300018310547,206.7100067138672,208.5800018310547,1.3360540132809213,Sufficient,True,162410900,136099200.0
2015-03-20,2015-03-23,210.41000366210938,210.4199981689453,210.0,-0.1948593959286207,Sufficient,False,177715100,71784500.0
2015-03-27,2015-03-30,205.74000549316406,206.97999572753906,208.25,1.219983688062716,Sufficient,True,118939000,96180400.0
2015-04-10,2015-04-13,210.0399932861328,209.8699951171875,209.08999633789062,-0.45229336250645746,Sufficient,False,72722900,74436600.0
2015-04-17,2015-04-20,207.9499969482422,209.05999755859375,209.85000610351562,0.9136855893998119,Sufficient,True,191113200,92189500.0
2015-04-24,2015-04-27,211.64999389648438,212.3300018310547,210.77000427246094,-0.4157758797072446,Sufficient,False,61327400,79358100.0
2015-05-01,2015-05-04,210.72000122070312,211.22999572753906,211.32000732421875,0.2847409358579079,Sufficient,True,103399700,70927200.0
2015-05-08,2015-05-11,211.6199951171875,211.57000732421875,210.61000061035156,-0.47726799458465113,Sufficient,False,155877300,75708100.0
2015-05-15,2015-05-18,212.44000244140625,212.24000549316406,213.10000610351562,0.3106776758258665,Sufficient,True,76510100,74549700.0
2015-05-29,2015-06-01,211.13999938964844,211.94000244140625,211.57000732421875,0.20366010031891402,Sufficient,True,124919600,93338800.0
2015-06-05,2015-06-08,209.77000427246094,209.63999938964844,208.47999572753906,-0.6149633020202165,Sufficient,False,121704700,89063300.0
2015-06-12,2015-06-15,210.00999450683594,208.63999938964844,209.11000061035156,-0.42854812629171307,Sufficient,False,135382400,124384200.0
2015-06-19,2015-06-22,210.80999755859375,211.91000366210938,211.88999938964844,0.5123105372431426,Sufficient,True,130478700,70696000.0
2015-06-26,2015-06-29,209.82000732421875,208.0500030517578,205.4199981689453,-2.0970398444770053,Sufficient,False,104174800,202621300.0
2015-07-10,2015-07-13,207.47999572753906,208.99000549316406,209.77000427246094,1.1037249817226207,Sufficient,True,129456900,106069400.0
2015-07-17,2015-07-20,212.47999572753906,212.75,212.58999633789062,0.05176986660552044,Sufficient,True,89030000,70446800.0
2015-07-24,2015-07-27,208.0,206.94000244140625,206.7899932861328,-0.5817339970515325,Sufficient,False,117755000,132361100.0
2015-07-31,2015-08-03,210.5,210.4600067138672,209.7899932861328,-0.3372953510057898,Sufficient,False,103266900,113965700.0
2015-08-07,2015-08-10,207.9499969482422,209.27999877929688,210.57000732421875,1.2599232577188597,Sufficient,True,117858000,80270700.0
2015-08-14,2015-08-17,209.4199981689453,208.7100067138672,210.58999633789062,0.5586850249141155,Sufficient,True,72786500,79072600.0
2015-08-21,2015-08-24,197.8300018310547,187.49000549316406,189.5,-4.210686829072794,Sufficient,False,346588500,507244300.0
2015-08-28,2015-08-31,199.27999877929688,198.11000061035156,197.6699981689453,-0.8079087817210608,Sufficient,False,160414400,163298800.0
2015-09-11,2015-09-14,196.74000549316406,196.9499969482422,196.00999450683594,-0.37105365759151104,Sufficient,False,119691200,79452000.0
2015-09-18,2015-09-21,195.4499969482422,196.44000244140625,196.4600067138672,0.5167612081838324,Sufficient,True,223657500,105726200.0
2015-09-25,2015-09-28,192.85000610351562,191.77999877929688,188.00999450683594,-2.5097285162032748,Sufficient,False,155054800,178515900.0
2015-10-02,2015-10-05,195.0,196.4600067138672,198.47000122070312,1.779487805488782,Sufficient,True,211003300,126320800.0
2015-10-09,2015-10-12,201.3300018310547,201.4199981689453,201.52000427246094,0.09437363516525958,Sufficient,True,107069200,56395600.0
2015-10-16,2015-10-19,203.27000427246094,202.5,203.3699951171875,0.04919114607413293,Sufficient,True,114580100,76523900.0
2015-10-23,2015-10-26,207.50999450683594,207.3000030517578,207.0,-0.24576864745622498,Sufficient,False,144442300,69033000.0
2015-10-30,2015-11-02,207.92999267578125,208.32000732421875,210.38999938964844,1.1830937337178669,Sufficient,True,131076900,86270800.0
2015-11-06,2015-11-09,210.0399932861328,209.30999755859375,208.0800018310547,-0.9331515510039424,Sufficient,False,110471500,131008700.0
2015-11-13,2015-11-16,202.5399932861328,202.32000732421875,205.6199951171875,1.5206882261043129,Sufficient,True,153577100,117645200.0
2015-11-20,2015-11-23,209.30999755859375,209.3800048828125,209.07000732421875,-0.11465779808621787,Sufficient,False,94011500,64931200.0
2015-11-27,2015-11-30,209.55999755859375,209.75,208.69000244140625,-0.415153238844759,Sufficient,False,37317800,112822700.0
2015-12-04,2015-12-07,209.6199951171875,209.22999572753906,208.35000610351562,-0.6058529926793916,Sufficient,False,192913900,102027100.0
2015-12-11,2015-12-14,201.8800048828125,202.07000732421875,202.89999389648438,0.5052451897175053,Sufficient,True,211173300,182385200.0
2015-12-18,2015-12-21,200.02000427246094,201.41000366210938,201.6699981689453,0.8249144391761963,Sufficient,True,251393500,99094300.0
2016-01-08,2016-01-11,191.9199981689453,193.00999450683594,192.11000061035156,0.09900085619998428,Sufficient,True,209817200,187941300.0
2016-01-22,2016-01-25,190.52000427246094,189.9199981689453,187.63999938964844,-1.5116548489542498,Sufficient,False,168319600,130371700.0
2016-01-29,2016-02-01,193.72000122070312,192.52999877929688,193.64999389648438,-0.03613840789676199,Sufficient,False,210529300,136061600.0
2016-02-05,2016-02-08,187.9499969482422,185.77000427246094,185.4199981689453,-1.3461020592586592,Sufficient,False,180788300,191526700.0
2016-02-19,2016-02-22,192.0,193.8699951171875,194.77999877929688,1.447916030883789,Sufficient,True,114793000,103640300.0
2016-02-26,2016-02-29,195.08999633789062,195.11000061035156,193.55999755859375,-0.7842528105064691,Sufficient,False,129833700,125918100.0
2016-03-04,2016-03-07,200.42999267578125,199.33999633789062,200.58999633789062,0.07983019905019878,Sufficient,True,129293600,100219000.0
2016-03-11,2016-03-14,202.75999450683594,202.16000366210938,202.5,-0.1282277144800238,Sufficient,False,137964500,73612000.0
2016-03-18,2016-03-21,204.3800048828125,204.07000732421875,204.6699981689453,0.1418892647052675,Sufficient,True,138372400,72926700.0
2016-04-01,2016-04-04,206.9199981689453,206.8300018310547,206.25,-0.32379575433703356,Sufficient,False,114423500,63497000.0
2016-04-08,2016-04-11,204.5,205.25,204.02000427246094,-0.23471673718291564,Sufficient,False,95040600,83757500.0
2016-04-15,2016-04-18,207.77999877929688,207.77999877929688,209.24000549316406,0.7026695170106344,Sufficient,True,75761600,82531000.0
2016-04-22,2016-04-25,208.97000122070312,208.25999450683594,208.61000061035156,-0.17227382315576906,Sufficient,False,99251700,66166500.0
2016-04-29,2016-05-02,206.3300018310547,206.9199981689453,207.97000122070312,0.7948429094627195,Sufficient,True,142424100,62188000.0
2016-05-06,2016-05-09,205.72000122070312,205.57000732421875,205.88999938964844,0.08263570286631144,Sufficient,True,89315000,74374900.0
2016-05-13,2016-05-16,204.75999450683594,204.9600067138672,206.77999877929688,0.9865229178805723,Sufficient,True,96474600,77486800.0
2016-05-20,2016-05-23,205.49000549316406,205.50999450683594,205.2100067138672,-0.13625907431599615,Sufficient,False,104990400,58682600.0
2016-06-03,2016-06-06,210.27999877929688,210.6999969482422,211.35000610351562,0.5088488350914416,Sufficient,True,101757100,64887000.0
2016-06-10,2016-06-13,210.07000732421875,209.36000061035156,208.4499969482422,-0.7711764266644043,Sufficient,False,113829200,117751200.0
2016-06-17,2016-06-20,206.52000427246094,208.82000732421875,207.85000610351562,0.6440062965038592,Sufficient,True,117055700,82789600.0
2016-06-24,2016-06-27,203.24000549316406,201.58999633789062,199.60000610351562,-1.790985677655312,Sufficient,False,333444400,230775800.0
2016-07-08,2016-07-11,212.64999389648438,213.19000244140625,213.39999389648438,0.35269222738143674,Sufficient,True,133971000,73633900.0
2016-07-15,2016-07-18,215.8300018310547,215.97000122070312,216.41000366210938,0.26873086509478683,Sufficient,True,107155400,58725900.0
2016-07-22,2016-07-25,217.24000549316406,217.0,216.64999389648438,-0.271594357282528,Sufficient,False,62787500,55873100.0
2016-07-29,2016-08-01,217.1199951171875,217.19000244140625,216.94000244140625,-0.08290009203625003,Sufficient,False,79519400,73311400.0
2016-08-05,2016-08-08,218.17999267578125,218.39999389648438,218.0500030517578,-0.059579076169740286,Sufficient,False,71892200,39906500.0
2016-08-12,2016-08-15,218.4600067138672,218.88999938964844,219.08999633789062,0.2883775540886897,Sufficient,True,61313500,49813500.0
2016-08-19,2016-08-22,218.5399932861328,218.25999450683594,218.52999877929688,-0.00457330792668771,Sufficient,False,75443000,61368800.0
2016-08-26,2016-08-29,217.2899932861328,217.44000244140625,218.36000061035156,0.4924328580606738,Sufficient,True,122506300,70502200.0
2016-09-09,2016-09-12,213.27999877929688,212.38999938964844,216.33999633789062,1.4347325469371601,Sufficient,True,221589100,168110900.0
2016-09-16,2016-09-19,213.3699951171875,214.1300048828125,213.41000366210938,0.018750783070460037,Sufficient,True,155236400,80250500.0
2016-09-23,2016-09-26,215.99000549316406,215.02000427246094,214.24000549316406,-0.8102226748891797,Sufficient,False,73630900,89827300.0
2016-09-30,2016-10-03,216.3000030517578,215.82000732421875,215.77999877929688,-0.24040881420445806,Sufficient,False,117202900,83512100.0
2016-10-07,2016-10-10,215.0399932861328,216.16000366210938,216.16000366210938,0.5208381747325826,Sufficient,True,89788300,51855000.0
2016-10-14,2016-10-17,213.1199951171875,213.08999633789062,212.3800048828125,-0.34721764795842097,Sufficient,False,93346200,58275700.0
2016-10-21,2016-10-24,213.97999572753906,215.0,214.88999938964844,0.4252751099537751,Sufficient,True,89089100,60146600.0
2016-10-28,2016-10-31,212.5399932861328,212.92999267578125,212.5500030517578,0.004709591578618483,Sufficient,True,140623200,61272500.0
2016-11-04,2016-11-07,208.5500030517578,208.5500030517578,213.14999389648438,2.20570164344948,Sufficient,True,109122100,109794900.0
2016-11-11,2016-11-14,216.4199981689453,217.02999877929688,216.58999633789062,0.07855012031402281,Sufficient,True,100552700,94580000.0
2016-11-18,2016-11-21,218.5,219.1699981689453,220.14999389648438,0.7551459480477689,Sufficient,True,86265800,72402600.0
2016-11-25,2016-11-28,221.52000427246094,221.16000366210938,220.47999572753906,-0.4694874164243448,Sufficient,False,37872300,76572500.0
2016-12-02,2016-12-05,219.67999267578125,220.64999389648438,221.0,0.6008773526166796,Sufficient,True,74840300,67837800.0
2016-12-09,2016-12-12,226.50999450683594,226.39999389648438,226.25,-0.11478279684832672,Sufficient,False,88005800,102016100.0
2016-12-16,2016-12-19,225.0399932861328,225.25,225.52999877929688,0.21774151607844772,Sufficient,True,156420200,90341100.0
2017-01-06,2017-01-09,227.2100067138672,226.91000366210938,226.4600067138672,-0.3300910953911017,Sufficient,False,71559900,46939700.0
2017-01-20,2017-01-23,226.74000549316406,226.74000549316406,226.14999389648438,-0.26021504030415826,Sufficient,False,129168600,75061600.0
2017-01-27,2017-01-30,228.97000122070312,228.1699981689453,227.5500030517578,-0.6201677780385663,Sufficient,False,59711100,79737300.0
2017-02-03,2017-02-06,229.33999633789062,228.8699951171875,228.92999267578125,-0.178775472510826,Sufficient,False,80563200,57790100.0
2017-02-10,2017-02-13,231.50999450683594,232.0800018310547,232.77000427246094,0.5442571791810029,Sufficient,True,66015900,55182100.0
2017-02-24,2017-02-27,236.74000549316406,236.63999938964844,237.11000061035156,0.1562875342579916,Sufficient,True,82381600,56515400.0
2017-03-03,2017-03-06,238.4199981689453,237.5,237.7100067138672,-0.2977902275525656,Sufficient,False,81974300,55391500.0
2017-03-10,2017-03-13,237.69000244140625,237.6199951171875,237.80999755859375,0.050483872251665445,Sufficient,True,81991700,57256800.0
2017-03-17,2017-03-20,237.02999877929688,237.02999877929688,236.77000427246094,-0.10968843951183721,Sufficient,False,89002100,52537000.0
2017-03-24,2017-03-27,233.86000061035156,231.92999267578125,233.6199951171875,-0.10262785108084828,Sufficient,False,112504900,87454500.0
2017-03-31,2017-04-03,235.74000549316406,235.8000030517578,235.3300018310547,-0.17392197020257735,Sufficient,False,73733100,85546500.0
2017-04-07,2017-04-10,235.1999969482422,235.36000061035156,235.33999633789062,0.05952355079292182,Sufficient,True,74412300,67615300.0
2017-04-21,2017-04-24,234.58999633789062,237.17999267578125,237.1699981689453,1.0997919226438768,Sufficient,True,110389800,119209900.0
2017-04-28,2017-05-01,238.0800018310547,238.67999267578125,238.67999267578125,0.252012281633098,Sufficient,True,63532800,66882500.0
2017-05-05,2017-05-08,239.6999969482422,239.75,239.66000366210938,-0.016684725340838508,Sufficient,False,62001300,48385700.0
2017-05-12,2017-05-15,238.97999572753906,239.47000122070312,240.3000030517578,0.552350551434309,Sufficient,True,53912700,61918900.0
2017-05-19,2017-05-22,238.30999755859375,238.89999389648438,239.52000427246094,0.5077448391856413,Sufficient,True,115011400,61010600.0
2017-06-02,2017-06-05,244.1699981689453,243.97000122070312,243.99000549316406,-0.0737161310279857,Sufficient,False,88666100,44698800.0
2017-06-09,2017-06-12,243.41000366210938,243.1300048828125,243.36000061035156,-0.02054272667742302,Sufficient,False,132256400,86108100.0
2017-06-16,2017-06-19,242.63999938964844,243.58999633789062,244.66000366210938,0.8325108298475851,Sufficient,True,84553100,65123800.0
2017-06-23,2017-06-26,243.1300048828125,243.89999389648438,243.2899932861328,0.06580364418510423,Sufficient,True,66986800,56700500.0
2017-06-30,2017-07-03,241.8000030517578,242.8800048828125,242.2100067138672,0.16956313355447428,Sufficient,True,86820700,39153800.0
2017-07-07,2017-07-10,242.11000061035156,242.11000061035156,242.3699951171875,0.10738693411279983,Sufficient,True,57972300,36663300.0
2017-07-14,2017-07-17,245.55999755859375,245.47000122070312,245.52999877929688,-0.012216476459980787,Sufficient,False,60262700,33531900.0
2017-07-21,2017-07-24,246.8800048828125,246.7899932861328,246.82000732421875,-0.024302315864838577,Sufficient,False,82340800,46622300.0
2017-07-28,2017-07-31,246.91000366210938,247.3699951171875,246.77000427246094,-0.056700574124985,Sufficient,False,50088400,65838700.0
2017-08-04,2017-08-07,247.41000366210938,247.49000549316406,247.8699951171875,0.18592273888259608,Sufficient,True,60191800,31995000.0
2017-08-11,2017-08-14,244.1199951171875,245.58999633789062,246.5399932861328,0.9913150161188621,Sufficient,True,74869900,73291900.0
2017-08-18,2017-08-21,242.7100067138672,242.63999938964844,242.89999389648438,0.07827744112798982,Sufficient,True,136748000,65469700.0
2017-08-25,2017-08-28,244.55999755859375,245.1699981689453,244.57000732421875,0.0040929693019815215,Sufficient,True,64445900,40565600.0
2017-09-08,2017-09-11,246.5800018310547,248.0399932861328,249.2100067138672,1.066592936686917,Sufficient,True,63832800,71364800.0
2017-09-15,2017-09-18,249.19000244140625,249.61000061035156,249.72000122070312,0.21268862077301726,Sufficient,True,95432400,46235200.0
2017-09-22,2017-09-25,249.44000244140625,249.14999389648438,248.92999267578125,-0.20446189890685312,Sufficient,False,51214000,57064400.0
2017-09-29,2017-10-02,251.22999572753906,251.49000549316406,252.32000732421875,0.43387000565880435,Sufficient,True,85578000,59023000.0
2017-10-06,2017-10-09,254.3699951171875,254.6300048828125,253.9499969482422,-0.1651130939212467,Sufficient,False,80646000,35803100.0
2017-10-13,2017-10-16,254.9499969482422,255.2100067138672,255.2899932861328,0.1333580474447498,Sufficient,True,54800400,38221700.0
2017-10-20,2017-10-23,257.1099853515625,257.4800109863281,256.1099853515625,-0.38893860875634123,Sufficient,False,89176400,63915300.0
2017-10-27,2017-10-30,257.7099914550781,256.4700012207031,256.75,-0.37250843463919897,Sufficient,False,85562500,54285700.0
2017-11-03,2017-11-06,258.45001220703125,258.29998779296875,258.8500061035156,0.15476644518939317,Sufficient,True,59589700,49652600.0
2017-11-10,2017-11-13,258.0899963378906,257.30999755859375,258.3299865722656,0.0929870346701875,Sufficient,True,59984700,50228600.0
2017-11-17,2017-11-20,257.8599853515625,258.1400146484375,258.29998779296875,0.17063618490723065,Sufficient,True,75756800,48075500.0
2017-11-24,2017-11-27,260.3599853515625,260.4100036621094,260.2300109863281,-0.04992102187241691,Sufficient,False,27856500,52274900.0
2017-12-01,2017-12-04,264.4599914550781,266.30999755859375,264.1400146484375,-0.12099251946583274,Sufficient,False,164390900,94040600.0
2017-12-08,2017-12-11,265.510009765625,266.30999755859375,266.30999755859375,0.30130231009931685,Sufficient,True,76563900,83077500.0
2017-12-15,2017-12-18,266.510009765625,268.1000061035156,268.20001220703125,0.6341234398259475,Sufficient,True,144610300,83653600.0
2018-01-05,2018-01-08,273.4200134277344,273.30999755859375,273.9200134277344,0.18286883748257562,Sufficient,True,83524000,57319200.0
2018-01-19,2018-01-22,280.4100036621094,280.1700134277344,282.69000244140625,0.8130946647838733,Sufficient,True,140920100,91322400.0
2018-01-26,2018-01-29,286.5799865722656,285.92999267578125,284.67999267578125,-0.662989038142502,Sufficient,False,107743100,90118300.0
2018-02-02,2018-02-05,275.45001220703125,273.45001220703125,263.92999267578125,-4.182254137128673,Sufficient,False,173174800,294681800.0
2018-02-09,2018-02-12,261.5,263.8299865722656,265.3399963378906,1.4684498424055927,Sufficient,True,283565300,143736000.0
2018-02-23,2018-02-26,274.7099914550781,275.92999267578125,277.8999938964844,1.1612254889272544,Sufficient,True,92766400,86491400.0
2018-03-02,2018-03-05,269.0799865722656,267.7300109863281,272.19000244140625,1.1557960548304775,Sufficient,True,139083200,97307400.0
2018-03-09,2018-03-12,278.8699951171875,279.20001220703125,278.5199890136719,-0.12550869926631744,Sufficient,False,113625300,71924800.0
2018-03-16,2018-03-19,274.20001220703125,273.3500061035156,270.489990234375,-1.3530349407333524,Sufficient,False,100343700,109208400.0
2018-03-23,2018-03-26,258.04998779296875,262.1300048828125,265.1099853515625,2.7359030779175715,Sufficient,True,183534800,141956100.0
2018-04-06,2018-04-09,259.7200012207031,261.3699951171875,261.0,0.4928379690746906,Sufficient,True,179521200,105442900.0
2018-04-13,2018-04-16,265.1499938964844,267.0,267.3299865722656,0.8221733833538492,Sufficient,True,85079200,63405300.0
2018-04-20,2018-04-23,266.6099853515625,267.260009765625,266.57000732421875,-0.014994947503947907,Sufficient,False,99953100,65558000.0
2018-04-27,2018-04-30,266.55999755859375,267.260009765625,264.510009765625,-0.769053050624422,Sufficient,False,57053600,82182300.0
2018-05-04,2018-05-07,266.0199890136719,266.8900146484375,266.9200134277344,0.33832961853714083,Sufficient,True,91222100,55304900.0
2018-05-11,2018-05-14,272.8500061035156,273.3399963378906,272.9800109863281,0.047647014808267184,Sufficient,True,59871500,54790600.0
2018-05-18,2018-05-21,271.3299865722656,273.010009765625,273.3699951171875,0.7518551748346998,Sufficient,True,64368000,58025900.0
2018-06-01,2018-06-04,273.6000061035156,274.5299987792969,274.8999938964844,0.47514172659663756,Sufficient,True,71258400,45385200.0
2018-06-08,2018-06-11,278.19000244140625,278.44000244140625,278.55999755859375,0.1330008677308345,Sufficient,True,72139700,58892500.0
2018-06-15,2018-06-18,277.1300048828125,275.489990234375,276.55999755859375,-0.20568228418997211,Sufficient,False,120041600,52917600.0
2018-06-22,2018-06-25,274.739990234375,273.44000244140625,271.0,-1.3612835289047263,Sufficient,False,54898500,137854200.0
2018-06-29,2018-07-02,271.2799987792969,269.510009765625,271.8599853515625,0.21379628976535056,Sufficient,True,97592500,63554800.0
2018-07-06,2018-07-09,275.4200134277344,276.54998779296875,277.8999938964844,0.9004358245014412,Sufficient,True,66493700,50550400.0
2018-07-13,2018-07-16,279.5899963378906,279.6400146484375,279.3399963378906,-0.08941664697397454,Sufficient,False,48216000,48201000.0
2018-07-20,2018-07-23,279.67999267578125,279.45001220703125,280.20001220703125,0.18593376175207216,Sufficient,True,82337700,47047600.0
2018-07-27,2018-07-30,281.4200134277344,281.510009765625,279.95001220703125,-0.5223513433882362,Sufficient,False,76768700,63742500.0
2018-08-03,2018-08-06,283.6000061035156,283.6400146484375,284.6400146484375,0.36671668636786486,Sufficient,True,53935400,39400900.0
2018-08-10,2018-08-13,283.1600036621094,283.4700012207031,282.1000061035156,-0.37434579209097246,Sufficient,False,77076000,65732900.0
2018-08-17,2018-08-20,285.05999755859375,285.57000732421875,285.6700134277344,0.21399560596545536,Sufficient,True,65618500,39807500.0
2018-08-24,2018-08-27,287.510009765625,288.8599853515625,289.7799987792969,0.7895339071924296,Sufficient,True,57487400,57072400.0
2018-09-07,2018-09-10,287.6000061035156,288.739990234375,288.1000061035156,0.17385256932854007,Sufficient,True,73524800,50210900.0
2018-09-14,2018-09-17,290.8800048828125,290.82000732421875,289.3399963378906,-0.5294308715177249,Sufficient,False,55079900,68244000.0
2018-09-21,2018-09-24,291.989990234375,291.3399963378906,291.0199890136719,-0.33220358681628875,Sufficient,False,105479700,53409600.0
2018-09-28,2018-10-01,290.7200012207031,292.1099853515625,291.7300109863281,0.34741667631538037,Sufficient,True,70091400,62078900.0
2018-10-05,2018-10-08,287.82000732421875,287.04998779296875,287.82000732421875,0.0,Sufficient,False,105951700,87742200.0
2018-10-12,2018-10-15,275.95001220703125,275.54998779296875,274.3999938964844,-0.5617025700234343,Sufficient,False,183186500,102263700.0
2018-10-19,2018-10-22,276.25,277.0,275.010009765625,-0.44886524321266963,Sufficient,False,139901600,82415800.0
2018-10-26,2018-10-29,265.3299865722656,268.79998779296875,263.8599853515625,-0.554027548749283,Sufficient,False,201574600,160749100.0
2018-11-02,2018-11-05,271.8900146484375,272.44000244140625,273.3900146484375,0.5516936699347154,Sufficient,True,122634100,65622500.0
2018-11-09,2018-11-12,277.760009765625,277.19000244140625,272.57000732421875,-1.868520398521585,Sufficient,False,98812600,99673600.0
2018-11-16,2018-11-19,273.7300109863281,273.04998779296875,269.1000061035156,-1.691449492925258,Sufficient,False,126668000,103061700.0
2018-11-23,2018-11-26,263.25,265.7799987792969,267.5,1.6144349477682813,Sufficient,True,42807900,79981400.0
2018-11-30,2018-12-03,275.6499938964844,280.2799987792969,279.29998779296875,1.3241407499740658,Sufficient,True,98204200,103176300.0
2018-12-07,2018-12-10,263.57000732421875,263.3699951171875,264.07000732421875,0.18970291994754454,Sufficient,True,161018900,151445900.0
2018-12-14,2018-12-17,260.4700012207031,259.3999938964844,255.36000061035156,-1.961838440666234,Sufficient,False,116961100,165492300.0
2018-12-21,2018-12-24,240.6999969482422,239.0399932861328,234.33999633789062,-2.6422935982500886,Sufficient,False,255345600,147311600.0
2018-12-28,2018-12-31,247.75,249.55999755859375,249.9199981689453,0.8758822074451312,Sufficient,True,153100200,144299400.0
2019-01-04,2019-01-07,252.38999938964844,252.69000244140625,254.3800048828125,0.7884644787735123,Sufficient,True,142628800,103139100.0
2019-01-11,2019-01-14,258.9800109863281,256.8599853515625,257.3999938964844,-0.6100922939288782,Sufficient,False,73858100,70908200.0
2019-01-25,2019-01-28,265.7799987792969,263.3900146484375,263.760009765625,-0.7600229599478888,Sufficient,False,96883400,85613700.0
2019-02-01,2019-02-04,270.05999755859375,270.1099853515625,271.9599914550781,0.703545106147067,Sufficient,True,85782500,60744800.0
2019-02-08,2019-02-11,270.4700012207031,271.20001220703125,270.6199951171875,0.055456758903912676,Sufficient,True,75788900,68021400.0
2019-02-22,2019-02-25,279.1400146484375,280.7300109863281,279.5199890136719,0.13612321605447117,Sufficient,True,78114600,69030700.0
2019-03-01,2019-03-04,280.4200134277344,281.6000061035156,279.3999938964844,-0.36374705171065264,Sufficient,False,78880500,106494600.0
2019-03-08,2019-03-11,274.4599914550781,275.260009765625,278.44000244140625,1.4501242841361628,Sufficient,True,85795800,65098900.0
2019-03-15,2019-03-18,281.30999755859375,281.54998779296875,282.3299865722656,0.3625854120095474,Sufficient,True,81309000,62199800.0
2019-03-22,2019-03-25,279.25,278.8699951171875,279.0400085449219,-0.07519837245411817,Sufficient,False,122659300,85575200.0
2019-03-29,2019-04-01,282.4800109863281,284.70001220703125,285.8299865722656,1.185915978352053,Sufficient,True,82186800,77617900.0
2019-04-05,2019-04-08,288.57000732421875,288.1000061035156,288.7900085449219,0.07623842226123859,Sufficient,True,58621700,53566300.0
2019-04-12,2019-04-15,290.1600036621094,290.239990234375,289.9700012207031,-0.06548195444176634,Sufficient,False,69727800,49596700.0
2019-04-26,2019-04-29,293.4100036621094,293.510009765625,293.8699951171875,0.15677429172041818,Sufficient,True,50916400,57197700.0
2019-05-03,2019-05-06,294.0299987792969,289.25,292.82000732421875,-0.41151972931386566,Sufficient,False,56543700,107198100.0
2019-05-10,2019-05-13,288.1000061035156,282.4200134277344,280.8599853515625,-2.513023463578738,Sufficient,False,112429300,127290500.0
2019-05-17,2019-05-20,285.8399963378906,284.05999755859375,283.95001220703125,-0.661203524724801,Sufficient,False,100353000,62877600.0
2019-05-31,2019-06-03,275.2699890136719,275.30999755859375,274.57000732421875,-0.25428914062199454,Sufficient,False,86862800,96428000.0
2019-06-07,2019-06-10,287.6499938964844,289.3699951171875,288.9700012207031,0.45889356934725906,Sufficient,True,74272200,60799100.0
2019-06-14,2019-06-17,289.260009765625,289.5199890136719,289.3699951171875,0.03802300623982431,Sufficient,True,52324700,39205700.0
2019-06-21,2019-06-24,294.0,294.2300109863281,293.6400146484375,-0.12244399713010204,Sufficient,False,83309500,47582700.0
2019-06-28,2019-07-01,293.0,296.67999267578125,295.6600036621094,0.9078510792182167,Sufficient,True,59350900,78705600.0
2019-07-05,2019-07-08,298.4599914550781,297.010009765625,296.82000732421875,-0.5494820672157704,Sufficient,False,51677300,45841800.0
2019-07-12,2019-07-15,300.6499938964844,301.1300048828125,300.75,0.03326329803620675,Sufficient,True,40326000,33900000.0
2019-07-19,2019-07-22,297.1700134277344,297.6099853515625,297.8999938964844,0.24564405416615703,Sufficient,True,58678600,43638100.0
2019-07-26,2019-07-29,302.010009765625,301.8800048828125,301.4599914550781,-0.18211923206575734,Sufficient,False,45084100,38126500.0
2019-08-02,2019-08-05,292.6199951171875,288.0899963378906,283.82000732421875,-3.007309117562031,Sufficient,False,116749700,178745400.0
2019-08-09,2019-08-12,291.6199951171875,289.9599914550781,288.07000732421875,-1.217333465608964,Sufficient,False,93730000,65527600.0
2019-08-16,2019-08-19,288.8500061035156,292.19000244140625,292.3299865722656,1.2047707790260092,Sufficient,True,83018300,53571800.0
2019-08-23,2019-08-26,284.8500061035156,287.2699890136719,288.0,1.1058430152673595,Sufficient,True,149161500,72423800.0
2019-09-06,2019-09-09,298.04998779296875,299.1400146484375,298.20001220703125,0.05033531964668619,Sufficient,True,49584300,51260300.0
2019-09-13,2019-09-16,301.0899963378906,299.8399963378906,300.1600036621094,-0.30887531538496854,Sufficient,False,62104800,58191200.0
2019-09-20,2019-09-23,298.2799987792969,297.54998779296875,298.2099914550781,-0.023470338106897262,Sufficient,False,89565000,43476800.0
2019-09-27,2019-09-30,295.3999938964844,295.9700012207031,296.7699890136719,0.46377628486599803,Sufficient,True,84746600,51662400.0
2019-10-04,2019-10-07,294.3500061035156,293.4700012207031,293.0799865722656,-0.43146577371001155,Sufficient,False,65091200,59610500.0
2019-10-11,2019-10-14,296.2799987792969,295.92999267578125,295.95001220703125,-0.11137659431119298,Sufficient,False,98720400,40394800.0
2019-10-18,2019-10-21,297.9700012207031,299.4200134277344,299.989990234375,0.6779169061974434,Sufficient,True,64304000,39048600.0
2019-10-25,2019-10-28,301.6000061035156,302.94000244140625,303.29998779296875,0.5636543949106071,Sufficient,True,45205400,42147000.0
2019-11-01,2019-11-04,306.1400146484375,307.8500061035156,307.3699951171875,0.40177056572054937,Sufficient,True,71141500,60606900.0
2019-11-08,2019-11-11,308.94000244140625,307.4200134277344,308.3500061035156,-0.19097440707845015,Sufficient,False,49032100,35797300.0
2019-11-15,2019-11-18,311.7900085449219,311.5299987792969,312.0199890136719,0.07376133373333066,Sufficient,True,62023600,49228000.0
2019-11-22,2019-11-25,310.9599914550781,311.9800109863281,313.3699951171875,0.7750204940617027,Sufficient,True,44850200,48647200.0
2019-11-29,2019-12-02,314.30999755859375,314.5899963378906,311.6400146484375,-0.8494743822644429,Sufficient,False,36592700,75767800.0
2019-12-06,2019-12-09,314.8699951171875,314.44000244140625,313.8800048828125,-0.3144123764496989,Sufficient,False,48927000,34838500.0
2019-12-13,2019-12-16,317.32000732421875,319.2200012207031,319.5,0.6870013316096589,Sufficient,True,81503900,82749700.0
2019-12-20,2019-12-23,320.7300109863281,321.5899963378906,321.2200012207031,0.15277342861310444,Sufficient,True,147142100,52990000.0
2019-12-27,2019-12-30,322.8599853515625,322.95001220703125,321.0799865722656,-0.5513222015910807,Sufficient,False,42528800,49729100.0
2020-01-03,2020-01-06,322.4100036621094,320.489990234375,323.6400146484375,0.3815052176908243,Sufficient,True,77709700,55653900.0
2020-01-10,2020-01-13,325.7099914550781,326.3900146484375,327.95001220703125,0.6877347366428789,Sufficient,True,53029300,47086800.0
2020-01-24,2020-01-27,328.7699890136719,323.0299987792969,323.5,-1.6029410194896843,Sufficient,False,87578400,84062500.0
2020-01-31,2020-02-03,321.7300109863281,323.3500061035156,324.1199951171875,0.742853961162155,Sufficient,True,113845600,69083000.0
2020-02-07,2020-02-10,332.20001220703125,331.2300109863281,334.67999267578125,0.7465323231849988,Sufficient,True,64139400,42070000.0
2020-02-21,2020-02-24,333.4800109863281,323.1400146484375,322.4200134277344,-3.3165398807208217,Sufficient,False,113788200,161088400.0
2020-02-28,2020-03-02,296.260009765625,298.2099914550781,309.0899963378906,4.330650830132487,Sufficient,True,384975800,238703600.0
2020-03-06,2020-03-09,297.4599914550781,275.29998779296875,274.2300109863281,-7.809447030209489,Sufficient,False,228667200,309417300.0
2020-03-13,2020-03-16,269.32000732421875,241.17999267578125,239.85000610351562,-10.942373540494486,Sufficient,False,329566100,297240000.0
2020-03-20,2020-03-23,228.8000030517578,228.19000244140625,222.9499969482422,-2.5568208153355094,Sufficient,False,347158800,326025200.0
2020-03-27,2020-03-30,253.4199981689453,255.6999969482422,261.6499938964844,3.247571536186518,Sufficient,True,224341200,171369500.0
2020-04-03,2020-04-06,248.19000244140625,257.8399963378906,264.8599853515625,6.716621437679292,Sufficient,True,135561200,188061200.0
2020-04-17,2020-04-20,286.6400146484375,282.6099853515625,281.5899963378906,-1.7617980925449983,Sufficient,False,146684800,100109300.0
2020-04-24,2020-04-27,282.9700012207031,285.1199951171875,287.04998779296875,1.4418442077481668,Sufficient,True,85063200,77896600.0
2020-05-01,2020-05-04,282.7900085449219,280.739990234375,283.57000732421875,0.2758226089069799,Sufficient,True,125180000,80873200.0
2020-05-08,2020-05-11,292.44000244140625,290.3399963378906,292.5,0.020516194122851307,Sufficient,True,76452400,79514200.0
2020-05-15,2020-05-18,286.2799987792969,293.04998779296875,295.0,3.045969420806682,Sufficient,True,111146300,119703800.0
2020-05-29,2020-06-01,304.32000732421875,303.6199951171875,305.54998779296875,0.40417338300061034,Sufficient,True,119090800,55758300.0
2020-06-05,2020-06-08,319.3399963378906,320.2200012207031,323.20001220703125,1.2087480157218948,Sufficient,True,150524700,73641200.0
2020-06-12,2020-06-15,304.2099914550781,298.0199890136719,307.04998779296875,0.933564451419407,Sufficient,True,194678900,135782700.0
2020-06-19,2020-06-22,308.6400146484375,307.989990234375,310.6199951171875,0.641517747141548,Sufficient,True,135549600,74649400.0
2020-06-26,2020-06-29,300.04998779296875,301.4100036621094,304.4599914550781,1.4697563211208093,Sufficient,True,127961000,79773300.0
2020-07-10,2020-07-13,317.5899963378906,320.1300048828125,314.8399963378906,-0.8658962913536539,Sufficient,False,57550400,102997500.0
2020-07-17,2020-07-20,321.7200012207031,321.42999267578125,324.32000732421875,0.8081580547216258,Sufficient,True,62774900,56308800.0
2020-07-24,2020-07-27,320.8800048828125,321.6300048828125,323.2200012207031,0.7292434250445761,Sufficient,True,73766600,48293000.0
2020-07-31,2020-08-03,326.5199890136719,328.32000732421875,328.7900085449219,0.6952160993595252,Sufficient,True,84986800,53077900.0
2020-08-07,2020-08-10,334.57000732421875,335.05999755859375,335.57000732421875,0.2988911074240253,Sufficient,True,57308300,44282100.0
2020-08-14,2020-08-17,336.8399963378906,337.94000244140625,337.9100036621094,0.3176604132085922,Sufficient,True,47260400,35481000.0
2020-08-21,2020-08-24,339.4800109863281,342.1199951171875,342.9200134277344,1.0133151673383178,Sufficient,True,55106600,48588700.0
2020-08-28,2020-08-31,350.5799865722656,350.3500061035156,349.30999755859375,-0.3622537116533576,Sufficient,False,48588900,66099200.0
2020-09-11,2020-09-14,334.05999755859375,337.489990234375,338.4599914550781,1.3171268420765108,Sufficient,True,84680200,65605700.0
2020-09-18,2020-09-21,330.6499938964844,325.70001220703125,326.9700012207031,-1.112957127993577,Sufficient,False,105877900,99450800.0
2020-09-25,2020-09-28,328.7300109863281,333.2200012207031,334.19000244140625,1.6609348926481817,Sufficient,True,71069400,64584600.0
2020-10-02,2020-10-05,333.8399963378906,336.05999755859375,339.760009765625,1.7733086187020357,Sufficient,True,89431100,45713100.0
2020-10-09,2020-10-12,346.8500061035156,349.5899963378906,352.42999267578125,1.608760695999615,Sufficient,True,59528600,80388500.0
2020-10-16,2020-10-19,347.2900085449219,348.6499938964844,342.010009765625,-1.5203428401004253,Sufficient,False,89501900,68425600.0
2020-10-23,2020-10-26,345.7799987792969,342.1300048828125,339.3900146484375,-1.847991252651357,Sufficient,False,49143900,91473000.0
2020-10-30,2020-11-02,326.5400085449219,330.20001220703125,330.20001220703125,1.1208438679286281,Sufficient,True,120287300,86068300.0
2020-11-06,2020-11-09,350.1600036621094,363.9700012207031,354.55999755859375,1.2565666696560227,Sufficient,True,74973000,172304200.0
2020-11-13,2020-11-16,358.1000061035156,360.9800109863281,362.57000732421875,1.2482549970722385,Sufficient,True,62892200,74541100.0
2020-11-20,2020-11-23,355.3299865722656,357.2799987792969,357.4599914550781,0.5994441683236064,Sufficient,True,70417300,63230600.0
2020-11-27,2020-11-30,363.6700134277344,362.8299865722656,362.05999755859375,-0.4427133966767251,Sufficient,False,28514100,83872700.0
2020-12-04,2020-12-07,369.8500061035156,369.0199890136719,369.0899963378906,-0.20549134867724844,Sufficient,False,50749900,48944300.0
2020-12-11,2020-12-14,366.29998779296875,368.6400146484375,364.6600036621094,-0.44771613036096725,Sufficient,False,57698600,69216200.0
2020-12-18,2020-12-21,369.17999267578125,364.9700012207031,367.8599853515625,-0.35755115401879267,Sufficient,False,136542300,96386700.0
2021-01-08,2021-01-11,381.260009765625,377.8500061035156,378.69000244140625,-0.6740825836411826,Sufficient,False,71677200,51034700.0
2021-01-22,2021-01-25,382.8800048828125,383.6700134277344,384.3900146484375,0.3943819855746101,Sufficient,True,52860500,70402000.0
2021-01-29,2021-02-01,370.07000732421875,373.7200012207031,376.2300109863281,1.6645509066376698,Sufficient,True,126765100,75817600.0
2021-02-05,2021-02-08,387.7099914550781,389.2699890136719,390.510009765625,0.7221940038321912,Sufficient,True,48669800,38365200.0
2021-02-19,2021-02-22,390.0299987792969,387.05999755859375,387.0299987792969,-0.7691716045917755,Sufficient,False,83241000,67414200.0
2021-02-26,2021-03-01,380.3599853515625,385.5899963378906,389.5799865722656,2.4240197643769443,Sufficient,True,152701600,105348800.0
2021-03-05,2021-03-08,383.6300048828125,384.6600036621094,381.7200012207031,-0.4978765054346633,Sufficient,False,152039600,123149200.0
2021-03-12,2021-03-15,394.05999755859375,394.3299865722656,396.4100036621094,0.5963574374651406,Sufficient,True,64653600,73427200.0
2021-03-19,2021-03-22,389.4800109863281,390.0299987792969,392.5899963378906,0.798496781307647,Sufficient,True,113624500,73778600.0
2021-03-26,2021-03-29,395.9800109863281,394.3999938964844,395.7799987792969,-0.05051068273195128,Sufficient,False,114409100,108107600.0
2021-04-09,2021-04-12,411.489990234375,410.8500061035156,411.6400146484375,0.036458824667168606,Sufficient,True,61104600,56704900.0
2021-04-16,2021-04-19,417.260009765625,416.260009765625,415.2099914550781,-0.4913047650308906,Sufficient,False,82037300,78498500.0
2021-04-23,2021-04-26,416.739990234375,417.44000244140625,417.6099853515625,0.20876209088986486,Sufficient,True,73209200,52182400.0
2021-04-30,2021-05-03,417.29998779296875,419.42999267578125,418.20001220703125,0.21567803508037026,Sufficient,True,85527000,68128300.0
2021-05-07,2021-05-10,422.1199951171875,422.5,417.94000244140625,-0.9902380186043579,Sufficient,False,67733800,81852400.0
2021-05-14,2021-05-17,416.5799865722656,415.3900146484375,415.5199890136719,-0.25445234835108155,Sufficient,False,82201600,65129200.0
2021-05-21,2021-05-24,414.94000244140625,417.3399963378906,419.1700134277344,1.019427136800445,Sufficient,True,76578700,51376700.0
2021-06-04,2021-06-07,422.6000061035156,422.5899963378906,422.19000244140625,-0.09701932233501787,Sufficient,False,55938800,51555000.0
2021-06-11,2021-06-14,424.30999755859375,424.42999267578125,425.260009765625,0.22389578668837776,Sufficient,True,45570800,42358500.0
2021-06-18,2021-06-21,414.9200134277344,416.79998779296875,420.8599853515625,1.431594459557848,Sufficient,True,118676300,72822000.0
2021-06-25,2021-06-28,426.6099853515625,427.1700134277344,427.4700012207031,0.2015930003213356,Sufficient,True,58129500,53159600.0
2021-07-09,2021-07-12,435.5199890136719,435.42999267578125,437.0799865722656,0.35819195397361625,Sufficient,True,76238600,52889600.0
2021-07-16,2021-07-19,431.3399963378906,426.19000244140625,424.9700012207031,-1.476792129473094,Sufficient,False,75874700,147987000.0
2021-07-23,2021-07-26,439.94000244140625,439.30999755859375,441.0199890136719,0.2454849675574714,Sufficient,True,63766600,43719200.0
2021-07-30,2021-08-02,438.510009765625,440.3399963378906,437.5899963378906,-0.20980443028566306,Sufficient,False,68951200,58783300.0
2021-08-06,2021-08-09,442.489990234375,442.4599914550781,442.1300048828125,-0.08135446213638087,Sufficient,False,46930000,41222600.0
2021-08-13,2021-08-16,445.9200134277344,444.5299987792969,446.9700012207031,0.23546550084119752,Sufficient,True,39470300,73740000.0
2021-08-20,2021-08-23,443.3599853515625,445.1600036621094,447.260009765625,0.879651872725946,Sufficient,True,72008700,54973000.0
2021-08-27,2021-08-30,450.25,450.9700012207031,452.2300109863281,0.439758131333287,Sufficient,True,77235100,48357400.0
2021-09-10,2021-09-13,445.44000244140625,448.6400146484375,446.5799865722656,0.2559231601587758,Sufficient,True,89948200,83738600.0
2021-09-17,2021-09-20,441.3999938964844,434.8800048828125,434.0400085449219,-1.6674185440266542,Sufficient,False,118425000,166445500.0
2021-09-24,2021-09-27,443.9100036621094,442.80999755859375,442.6400146484375,-0.2860915508086976,Sufficient,False,62094800,61371100.0
2021-10-01,2021-10-04,434.239990234375,433.0,428.6400146484375,-1.289603839322811,Sufficient,False,129240100,128570000.0
2021-10-08,2021-10-11,437.8599853515625,437.1600036621094,434.69000244140625,-0.7239718211772734,Sufficient,False,74557400,65233300.0
2021-10-15,2021-10-18,445.8699951171875,443.9700012207031,447.19000244140625,0.29605206420580377,Sufficient,True,66260200,62213200.0
2021-10-22,2021-10-25,453.1199951171875,454.2799987792969,455.54998779296875,0.5362801690428154,Sufficient,True,58845100,45214500.0
2021-10-29,2021-11-01,459.25,460.29998779296875,460.0400085449219,0.172021457794638,Sufficient,True,70162400,48433600.0
2021-11-05,2021-11-08,468.5299987792969,469.70001220703125,468.92999267578125,0.08537209944432905,Sufficient,True,66390600,50405200.0
2021-11-12,2021-11-15,467.2699890136719,468.6400146484375,467.42999267578125,0.034242229518552166,Sufficient,True,53466700,46980500.0
2021-11-19,2021-11-22,468.8900146484375,470.8900146484375,467.57000732421875,-0.2815174738170656,Sufficient,False,57315600,72762000.0
2021-11-26,2021-11-29,458.9700012207031,464.07000732421875,464.6000061035156,1.2266607551340205,Sufficient,True,112669600,86268800.0
2021-12-03,2021-12-06,453.4200134277344,456.1300048828125,458.7900085449219,1.1843312950815226,Sufficient,True,137331600,98977500.0
2021-12-10,2021-12-13,470.739990234375,470.19000244140625,466.57000732421875,-0.8858357047762339,Sufficient,False,77159800,87724700.0
2021-12-17,2021-12-20,459.8699951171875,454.4800109863281,454.9800109863281,-1.0633405490204406,Sufficient,False,135511600,107134800.0
2021-12-31,2022-01-03,474.9599914550781,476.29998779296875,477.7099914550781,0.5789961364061748,Sufficient,True,65237400,72668200.0
2022-01-07,2022-01-10,466.0899963378906,462.70001220703125,465.510009765625,-0.12443660598224154,Sufficient,False,85111600,119362000.0
2022-01-21,2022-01-24,437.9800109863281,432.0299987792969,439.8399963378906,0.42467357068963607,Sufficient,True,202271200,251783900.0
2022-01-28,2022-01-31,441.95001220703125,441.239990234375,449.9100036621094,1.8011067394991431,Sufficient,True,164457400,152251400.0
2022-02-04,2022-02-07,448.70001220703125,449.510009765625,447.260009765625,-0.32092765817484076,Sufficient,False,118454400,84472900.0
2022-02-11,2022-02-14,440.4599914550781,439.9200134277344,439.0199890136719,-0.32693149646784975,Sufficient,False,153214600,123006300.0
2022-02-25,2022-02-28,437.75,432.0299987792969,436.6300048828125,-0.25585268239577386,Sufficient,False,121804500,145615000.0
2022-03-04,2022-03-07,432.1700134277344,431.54998779296875,419.42999267578125,-2.9479187255280164,Sufficient,False,113978200,137896600.0
2022-03-11,2022-03-14,420.07000732421875,420.8900146484375,417.0,-0.7308323066848367,Sufficient,False,95636300,95729200.0
2022-03-18,2022-03-21,444.5199890136719,444.3399963378906,444.3900146484375,-0.029239262225928257,Sufficient,False,106345500,88349800.0
2022-03-25,2022-03-28,452.69000244140625,452.05999755859375,455.9100036621094,0.7113038068738672,Sufficient,True,77101300,68529800.0
2022-04-01,2022-04-04,452.9200134277344,453.1300048828125,456.79998779296875,0.8566577431344715,Sufficient,True,89048800,59601000.0
2022-04-08,2022-04-11,447.57000732421875,444.1099853515625,439.9200134277344,-1.7092284494708638,Sufficient,False,79272700,89770500.0
2022-04-22,2022-04-25,426.0400085449219,423.6700134277344,428.510009765625,0.5797580441186867,Sufficient,True,132471800,119647700.0
2022-04-29,2022-05-02,412.0,412.07000732421875,414.4800109863281,0.6019444141573119,Sufficient,True,145491100,158312500.0
2022-05-06,2022-05-09,411.3399963378906,405.1000061035156,398.1700134277344,-3.2017268020146323,Sufficient,False,151770800,155586100.0
2022-05-13,2022-05-16,401.7200012207031,399.9800109863281,400.0899963378906,-0.4057564666582241,Sufficient,False,104174400,78622400.0
2022-05-20,2022-05-23,389.6300048828125,392.8299865722656,396.9200134277344,1.8710079956789936,Sufficient,True,131432200,76414900.0
2022-06-03,2022-06-06,410.5400085449219,414.7799987792969,411.7900085449219,0.3044770239154957,Sufficient,True,71874300,57508900.0
2022-06-10,2022-06-13,389.79998779296875,379.8500061035156,375.0,-3.796815868765328,Sufficient,False,132893900,170004900.0
2022-06-24,2022-06-27,390.0799865722656,391.04998779296875,388.5899963378906,-0.3819704382857301,Sufficient,False,98050300,66009600.0
2022-07-08,2022-07-11,388.6700134277344,385.8500061035156,384.2300109863281,-1.142357858340873,Sufficient,False,72397800,58366900.0
2022-07-15,2022-07-18,385.1300048828125,388.3800048828125,381.95001220703125,-0.8256933075751548,Sufficient,False,79060400,63203600.0
2022-07-22,2022-07-25,395.0899963378906,395.75,395.57000732421875,0.12149408761987683,Sufficient,True,72197300,53631500.0
2022-07-29,2022-08-01,411.989990234375,409.1499938964844,410.7699890136719,-0.2961239956361766,Sufficient,False,87003700,69997500.0
2022-08-05,2022-08-08,413.4700012207031,415.25,412.989990234375,-0.11609330420852067,Sufficient,False,56814900,53886100.0
2022-08-12,2022-08-15,427.1000061035156,424.7699890136719,428.8599853515625,0.4120766150540188,Sufficient,True,61694500,54048300.0
2022-08-19,2022-08-22,422.1400146484375,417.04998779296875,413.3500061035156,-2.0822495475209295,Sufficient,False,68016900,77695600.0
2022-08-26,2022-08-29,405.30999755859375,402.20001220703125,402.6300048828125,-0.6612204712255626,Sufficient,False,103087000,65370800.0
2022-09-09,2022-09-12,406.6000061035156,408.7799987792969,410.9700012207031,1.0747651381183083,Sufficient,True,76706900,69256300.0
2022-09-16,2022-09-19,385.55999755859375,382.260009765625,388.54998779296875,0.775492855407182,Sufficient,True,103084800,73278500.0
2022-09-23,2022-09-26,367.95001220703125,366.4100036621094,364.30999755859375,-0.9892687940418942,Sufficient,False,122346900,92581200.0
2022-09-30,2022-10-03,357.17999267578125,361.0799865722656,366.6099853515625,2.6401234305251315,Sufficient,True,153711200,89756500.0
2022-10-07,2022-10-10,362.7900085449219,363.9599914550781,360.0199890136719,-0.7635324749873884,Sufficient,False,107789500,76042800.0
2022-10-14,2022-10-17,357.6300048828125,364.010009765625,366.82000732421875,2.569695583685047,Sufficient,True,123737000,93168200.0
2022-10-21,2022-10-24,374.2900085449219,375.8900146484375,378.8699951171875,1.2236464954195911,Sufficient,True,131038400,85436900.0
2022-10-28,2022-10-31,389.0199890136719,386.44000244140625,386.2099914550781,-0.7223272936998089,Sufficient,False,100302000,96631300.0
2022-11-04,2022-11-07,376.3500061035156,377.7099914550781,379.95001220703125,0.9565580032235838,Sufficient,True,103505200,68286900.0
2022-11-11,2022-11-14,398.510009765625,396.6600036621094,395.1199951171875,-0.8506723960161661,Sufficient,False,93839900,71903500.0
2022-11-18,2022-11-21,396.0299987792969,394.6400146484375,394.5899963378906,-0.36360943510462385,Sufficient,False,92922500,51243200.0
2022-11-25,2022-11-28,402.3299865722656,399.0899963378906,395.9100036621094,-1.5957008238070038,Sufficient,False,30545400,67881600.0
2022-12-02,2022-12-05,406.9100036621094,403.95001220703125,399.5899963378906,-1.7989253786685349,Sufficient,False,85342700,77289800.0
2022-12-09,2022-12-12,393.2799987792969,394.1099853515625,398.95001220703125,1.4417243300787097,Sufficient,True,81447700,75405800.0
2022-12-16,2022-12-19,383.2699890136719,383.4700012207031,380.0199890136719,-0.8479662100243562,Sufficient,False,119858000,79878100.0
2023-01-06,2023-01-09,388.0799865722656,390.3699951171875,387.8599853515625,-0.056689658914466555,Sufficient,False,104189600,73978100.0
2023-01-20,2023-01-23,395.8800048828125,396.7200012207031,400.6300048828125,1.1998585281936844,Sufficient,True,91806400,84178800.0
2023-01-27,2023-01-30,405.67999267578125,402.79998779296875,400.5899963378906,-1.2546826143231917,Sufficient,False,68346200,74202000.0
2023-02-03,2023-02-06,412.3500061035156,409.7900085449219,409.8299865722656,-0.6111360480051451,Sufficient,False,94736800,60295300.0
2023-02-10,2023-02-13,408.0400085449219,408.7200012207031,412.8299865722656,1.1738991096546878,Sufficient,True,70769700,64913500.0
2023-02-24,2023-02-27,396.3800048828125,399.8699951171875,397.7300109863281,0.34058380515806963,Sufficient,True,108194400,80444700.0
2023-03-03,2023-03-06,404.19000244140625,405.04998779296875,404.4700012207031,0.06927404874084318,Sufficient,True,90120000,72795900.0
2023-03-10,2023-03-13,385.9100036621094,381.80999755859375,385.3599853515625,-0.14252502016725477,Sufficient,False,189253000,157790000.0
2023-03-17,2023-03-20,389.989990234375,390.79998779296875,393.739990234375,0.9615631410812201,Sufficient,True,140553400,93055800.0
2023-03-24,2023-03-27,395.75,398.1199951171875,396.489990234375,0.18698426642451044,Sufficient,True,107682400,74010400.0
2023-03-31,2023-04-03,409.3900146484375,408.8500061035156,410.95001220703125,0.3810541299922504,Sufficient,True,112062600,67391100.0
2023-04-14,2023-04-17,412.4599914550781,412.3699951171875,413.94000244140625,0.3588253447581512,Sufficient,True,78161500,66436400.0
2023-04-21,2023-04-24,412.20001220703125,411.989990234375,412.6300048828125,0.10431651214150917,Sufficient,True,73457400,64332100.0
2023-04-28,2023-05-01,415.92999267578125,415.4700012207031,415.510009765625,-0.1009744229922914,Sufficient,False,89335600,62122300.0
2023-05-05,2023-05-08,412.6300048828125,412.9700012207031,412.739990234375,0.026654714940988356,Sufficient,True,87844000,50046800.0
2023-05-12,2023-05-15,411.5899963378906,412.2200012207031,413.010009765625,0.3450067883983821,Sufficient,True,70439400,54289400.0
2023-05-19,2023-05-22,418.6199951171875,418.6400146484375,418.7900085449219,0.04061283018427771,Sufficient,True,103679700,60745400.0
2023-06-02,2023-06-05,427.9200134277344,428.2799987792969,427.1000061035156,-0.19162630830241129,Sufficient,False,91366700,65460200.0
2023-06-09,2023-06-12,429.8999938964844,430.9200134277344,433.79998779296875,0.9071863112013568,Sufficient,True,85742800,76104300.0
2023-06-23,2023-06-26,433.2099914550781,432.6199951171875,431.44000244140625,-0.40857529802735737,Sufficient,False,92074500,72823600.0
2023-06-30,2023-07-03,443.2799987792969,442.9200134277344,443.7900085449219,0.11505363811348658,Sufficient,True,104921500,32793400.0
2023-07-07,2023-07-10,438.54998779296875,438.17999267578125,439.6600036621094,0.2531104549168618,Sufficient,True,86076100,62443500.0
2023-07-14,2023-07-17,449.2799987792969,449.1300048828125,450.8399963378906,0.34722167976146184,Sufficient,True,69761800,52680200.0
2023-07-21,2023-07-24,452.17999267578125,453.3699951171875,454.20001220703125,0.44672908221712926,Sufficient,True,71245400,54023400.0
2023-07-28,2023-07-31,456.9200134277344,457.4100036621094,457.7900085449219,0.19040424836306646,Sufficient,True,80011800,62040400.0
2023-08-04,2023-08-07,446.80999755859375,448.7099914550781,450.7099914550781,0.8728528720919988,Sufficient,True,100052300,58357500.0
2023-08-11,2023-08-14,445.6499938964844,444.70001220703125,448.1099853515625,0.5520007828496755,Sufficient,True,68664600,47867400.0
2023-08-18,2023-08-21,436.5,437.54998779296875,439.3399963378906,0.6506291724835338,Sufficient,True,98758400,68719000.0
2023-08-25,2023-08-28,439.9700012207031,442.239990234375,442.760009765625,0.6341360859106203,Sufficient,True,102325100,61595400.0
2023-09-08,2023-09-11,445.5199890136719,448.239990234375,448.45001220703125,0.657663688636305,Sufficient,True,61659700,60180100.0
2023-09-15,2023-09-18,443.3699951171875,443.04998779296875,443.6300048828125,0.05864396970667277,Sufficient,True,111761400,55752200.0
2023-09-22,2023-09-25,430.4200134277344,429.1700134277344,432.2300109863281,0.4205189122549109,Sufficient,True,100829700,70874500.0
2023-09-29,2023-10-02,427.4800109863281,426.6199951171875,427.30999755859375,-0.03977108247520197,Sufficient,False,115078500,83798600.0
2023-10-06,2023-10-09,429.5400085449219,427.5799865722656,432.2900085449219,0.6402197572504823,Sufficient,True,113202700,80374400.0
2023-10-13,2023-10-16,431.5,433.82000732421875,436.0400085449219,1.0521456651035632,Sufficient,True,95143100,75433200.0
2023-10-20,2023-10-23,421.19000244140625,419.6099853515625,420.4599914550781,-0.17332106225139574,Sufficient,False,123845800,92035100.0
2023-10-27,2023-10-30,410.67999267578125,413.55999755859375,415.5899963378906,1.195578978688077,Sufficient,True,107367700,86562700.0
2023-11-03,2023-11-06,434.69000244140625,435.4700012207031,435.69000244140625,0.23004899914503885,Sufficient,True,100110800,67831700.0
2023-11-10,2023-11-13,440.6099853515625,439.2300109863281,440.19000244140625,-0.09531851844463893,Sufficient,False,89462200,52236100.0
2023-11-17,2023-11-20,450.7900085449219,450.5299987792969,454.260009765625,0.7697600112974409,Sufficient,True,83133200,69936200.0
2023-11-24,2023-11-27,455.29998779296875,454.6499938964844,454.4800109863281,-0.18009594303206525,Sufficient,False,29737400,50506000.0
2023-12-01,2023-12-04,459.1000061035156,455.6000061035156,456.69000244140625,-0.524940890888592,Sufficient,False,89097900,72430900.0
2023-12-08,2023-12-11,460.20001220703125,459.69000244140625,461.989990234375,0.3889565362589535,Sufficient,True,83080900,65002200.0
2023-12-15,2023-12-18,469.3299865722656,470.9800109863281,471.9700012207031,0.5625071322884673,Sufficient,True,141319300,70375300.0
